2024-01-07T22:54:18Z,7071341322.00,4.05,4.66
2024-01-07T22:54:18Z,3406680433.10,12.79,13.85
2024-01-07T22:54:18Z,878270337.70,49.05,55.00
2024-01-07T22:54:18Z,153622086.30,457.00,493.40
2024-01-07T22:54:18Z,40947204.90,1030.00,1066.00
2024-01-07T22:54:18Z,26396335.50,1606.00,1829.00
2024-01-07T22:54:18Z,13126043.50,5544.00,5992.00
2024-01-07T22:54:11Z,432327.90,11600.00,12860.00
2024-01-07T22:53:57Z,156.80,500.00,71500.00
2024-01-07T22:54:00Z,368.70,1673000.00,2801000.00
2024-01-07T22:54:00Z,40.10,24.00,24670.00
2024-01-07T22:53:57Z,293.80,2381000.00,3493000.00
2024-01-07T22:54:19Z,356.80,0.00,149900.00
2024-01-07T22:54:19Z,1471.40,1627000.00,1750000.00
2024-01-07T22:54:01Z,9.10,0.00,55000.00
2024-01-07T22:54:01Z,0.90,0.00,899900.00
2024-01-07T22:54:01Z,5.40,0.00,990000.00
2024-01-07T22:54:01Z,1.90,0.00,3999000.00
2024-01-07T22:54:01Z,158.70,100.00,16390.00
2024-01-07T22:54:01Z,42.50,0.00,49500.00
2024-01-07T22:54:01Z,89.40,0.00,55000.00
2024-01-07T22:54:01Z,20.80,0.00,240000.00
2024-01-07T22:54:01Z,48.80,0.00,479000.00
2024-01-07T22:54:02Z,12.60,50000.00,590000.00
2024-01-07T22:54:01Z,0.90,0.00,2400000.00
2024-01-07T22:54:02Z,4.20,0.00,3296000.00
2024-01-07T22:54:03Z,53.70,101.00,100000.00
2024-01-07T22:54:03Z,18.00,109.00,109900.00
2024-01-07T22:54:03Z,8.40,1110.00,367000.00
2024-01-07T22:54:04Z,1258.10,718300.00,1200000.00
2024-01-07T22:54:04Z,25.40,951.00,80000.00
2024-01-07T22:54:04Z,74.70,101.00,58190.00
2024-01-07T22:54:04Z,830.20,1109000.00,1200000.00
2024-01-07T22:54:04Z,12.10,15.10,139000.00
2024-01-07T22:54:00Z,0.20,0.00,300000.00
2024-01-07T22:54:00Z,47.80,0.00,99590.00
2024-01-07T22:54:00Z,66.50,0.00,50000.00
2024-01-07T22:54:00Z,13.80,0.00,0.00
2024-01-07T22:54:00Z,9.60,0.00,0.00
2024-01-07T22:54:01Z,31.00,0.00,599900.00
2024-01-07T22:54:00Z,-1.00,0.00,0.00
2024-01-07T22:54:01Z,0.50,0.00,3950000.00
2024-01-07T22:54:16Z,461.10,100000.00,170000.00
2024-01-07T22:53:57Z,17.50,15020.00,400000.00
2024-01-07T22:53:57Z,76.30,10000.00,638900.00
2024-01-07T22:53:57Z,34.30,100000.00,484000.00
2024-01-07T22:53:57Z,109.20,10000.00,599000.00
2024-01-07T22:53:57Z,14.70,10000.00,639700.00
2024-01-07T22:53:57Z,75.60,10000.00,639000.00
2024-01-07T22:53:57Z,37.10,15010.00,648800.00
2024-01-07T22:53:57Z,13.50,10010.00,498600.00
2024-01-07T22:53:57Z,16.80,10000.00,400000.00
2024-01-07T22:53:57Z,9.30,10000.00,492800.00
2024-01-07T22:53:57Z,51.60,52030.00,500000.00
2024-01-07T22:53:57Z,45.70,10000.00,340000.00
2024-01-07T22:53:57Z,54.80,113400.00,608900.00
2024-01-07T22:53:57Z,17.00,10000.00,450000.00
2024-01-07T22:53:57Z,18.40,10030.00,648100.00
2024-01-07T22:53:57Z,63.90,10000.00,550000.00
2024-01-07T22:53:57Z,51.80,10000.00,597400.00
2024-01-07T22:53:57Z,151.90,10000.00,599900.00
2024-01-07T22:53:57Z,22.20,10000.00,600000.00
2024-01-07T22:53:57Z,48.10,20010.00,545000.00
2024-01-07T22:53:57Z,58.30,10000.00,380000.00
2024-01-07T22:53:57Z,55.10,7500000.00,11680000.00
2024-01-07T22:53:57Z,204.20,7500000.00,11890000.00
2024-01-07T22:53:57Z,78.20,10000000.00,15940000.00
2024-01-07T22:53:57Z,22.90,10000000.00,15990000.00
2024-01-07T22:53:57Z,10.50,12030000.00,13650000.00
2024-01-07T22:53:57Z,9.30,1025000.00,10000000.00
2024-01-07T22:53:57Z,212.30,11410000.00,13860000.00
2024-01-07T22:53:57Z,32.00,6010000.00,15850000.00
2024-01-07T22:53:57Z,22.20,9000000.00,13190000.00
2024-01-07T22:53:57Z,18.40,8525000.00,10530000.00
2024-01-07T22:53:57Z,33.60,10000000.00,14500000.00
2024-01-07T22:53:57Z,69.30,5000000.00,11400000.00
2024-01-07T22:53:57Z,19.60,11250000.00,14350000.00
2024-01-07T22:53:57Z,28.90,8001000.00,14960000.00
2024-01-07T22:53:57Z,61.80,10110000.00,18000000.00
2024-01-07T22:53:57Z,9.80,312500000.00,418200000.00
2024-01-07T22:53:57Z,5.80,325200000.00,388900000.00
2024-01-07T22:53:57Z,2.60,185000000.00,305000000.00
2024-01-07T22:53:57Z,9.30,175000000.00,315000000.00
2024-01-07T22:53:57Z,4.90,237500000.00,300000000.00
2024-01-07T22:53:57Z,5.80,300000000.00,421100000.00
2024-01-07T22:53:57Z,7.90,280000000.00,350900000.00
2024-01-07T22:53:57Z,18.90,287600000.00,425200000.00
2024-01-07T22:53:57Z,50.20,2500000.00,3744000.00
2024-01-07T22:53:57Z,68.60,2500000.00,3790000.00
2024-01-07T22:53:57Z,90.80,1030000.00,3430000.00
2024-01-07T22:53:57Z,45.00,3000000.00,4100000.00
2024-01-07T22:53:57Z,15.90,2500000.00,4236000.00
2024-01-07T22:53:57Z,24.50,3000000.00,4147000.00
2024-01-07T22:53:57Z,59.30,1750000.00,3721000.00
2024-01-07T22:53:57Z,231.90,1750000.00,3100000.00
2024-01-07T22:53:57Z,48.50,2250000.00,3890000.00
2024-01-07T22:53:57Z,119.00,2000000.00,3479000.00
2012-01-01T00:00:00Z,-1.00,0.00,0.00
2012-01-01T00:00:00Z,-1.00,0.00,0.00
2012-01-01T00:00:00Z,-1.00,0.00,0.00
2012-01-01T00:00:00Z,-1.00,0.00,0.00
2012-01-01T00:00:00Z,-1.00,0.00,0.00
2012-01-01T00:00:00Z,-1.00,0.00,0.00
2012-01-01T00:00:00Z,-1.00,0.00,0.00
2012-01-01T00:00:00Z,-1.00,0.00,0.00
2012-01-01T00:00:00Z,-1.00,0.00,0.00
2012-01-01T00:00:00Z,-1.00,0.00,0.00
2012-01-01T00:00:00Z,-1.00,0.00,0.00
2012-01-01T00:00:00Z,-1.00,0.00,0.00
2012-01-01T00:00:00Z,-1.00,0.00,0.00
2012-01-01T00:00:00Z,-1.00,0.00,0.00
2012-01-01T00:00:00Z,-1.00,0.00,0.00
2012-01-01T00:00:00Z,-1.00,0.00,0.00
2012-01-01T00:00:00Z,-1.00,0.00,0.00
2012-01-01T00:00:00Z,-1.00,0.00,0.00
2012-01-01T00:00:00Z,-1.00,0.00,0.00
2012-01-01T00:00:00Z,-1.00,0.00,0.00
2012-01-01T00:00:00Z,-1.00,0.00,0.00
2012-01-01T00:00:00Z,-1.00,0.00,0.00
2012-01-01T00:00:00Z,-1.00,0.00,0.00
2012-01-01T00:00:00Z,-1.00,0.00,0.00
2012-01-01T00:00:00Z,-1.00,0.00,0.00
2012-01-01T00:00:00Z,-1.00,0.00,0.00
2012-01-01T00:00:00Z,-1.00,0.00,0.00
2012-01-01T00:00:00Z,-1.00,0.00,0.00
2012-01-01T00:00:00Z,-1.00,0.00,0.00
2012-01-01T00:00:00Z,-1.00,0.00,0.00
2012-01-01T00:00:00Z,-1.00,0.00,0.00
2012-01-01T00:00:00Z,-1.00,0.00,0.00
2012-01-01T00:00:00Z,-1.00,0.00,0.00
2012-01-01T00:00:00Z,-1.00,0.00,0.00
2012-01-01T00:00:00Z,-1.00,0.00,0.00
2012-01-01T00:00:00Z,-1.00,0.00,0.00
2012-01-01T00:00:00Z,-1.00,0.00,0.00
2012-01-01T00:00:00Z,-1.00,0.00,0.00
2012-01-01T00:00:00Z,-1.00,0.00,0.00
2012-01-01T00:00:00Z,-1.00,0.00,0.00
2012-01-01T00:00:00Z,-1.00,0.00,0.00
2012-01-01T00:00:00Z,-1.00,0.00,0.00
2012-01-01T00:00:00Z,-1.00,0.00,0.00
2012-01-01T00:00:00Z,-1.00,0.00,0.00
2012-01-01T00:00:00Z,-1.00,0.00,0.00
2012-01-01T00:00:00Z,-1.00,0.00,0.00
2012-01-01T00:00:00Z,-1.00,0.00,0.00
2012-01-01T00:00:00Z,-1.00,0.00,0.00
2012-01-01T00:00:00Z,-1.00,0.00,0.00
2012-01-01T00:00:00Z,-1.00,0.00,0.00
2012-01-01T00:00:00Z,-1.00,0.00,0.00
2012-01-01T00:00:00Z,-1.00,0.00,0.00
2012-01-01T00:00:00Z,-1.00,0.00,0.00
2012-01-01T00:00:00Z,-1.00,0.00,0.00
2012-01-01T00:00:00Z,-1.00,0.00,0.00
2012-01-01T00:00:00Z,-1.00,0.00,0.00
2012-01-01T00:00:00Z,-1.00,0.00,0.00
2012-01-01T00:00:00Z,-1.00,0.00,0.00
2012-01-01T00:00:00Z,-1.00,0.00,0.00
2012-01-01T00:00:00Z,-1.00,0.00,0.00
2012-01-01T00:00:00Z,-1.00,0.00,0.00
2012-01-01T00:00:00Z,-1.00,0.00,0.00
2012-01-01T00:00:00Z,-1.00,0.00,0.00
2012-01-01T00:00:00Z,-1.00,0.00,0.00
2012-01-01T00:00:00Z,-1.00,0.00,0.00
2012-01-01T00:00:00Z,-1.00,0.00,0.00
2012-01-01T00:00:00Z,-1.00,0.00,0.00
2012-01-01T00:00:00Z,-1.00,0.00,0.00
2012-01-01T00:00:00Z,-1.00,0.00,0.00
2012-01-01T00:00:00Z,-1.00,0.00,0.00
2012-01-01T00:00:00Z,-1.00,0.00,0.00
2012-01-01T00:00:00Z,-1.00,0.00,0.00
2012-01-01T00:00:00Z,-1.00,0.00,0.00
2012-01-01T00:00:00Z,-1.00,0.00,0.00
2012-01-01T00:00:00Z,-1.00,0.00,0.00
2012-01-01T00:00:00Z,-1.00,0.00,0.00
2012-01-01T00:00:00Z,-1.00,0.00,0.00
2012-01-01T00:00:00Z,-1.00,0.00,0.00
2012-01-01T00:00:00Z,-1.00,0.00,0.00
2012-01-01T00:00:00Z,-1.00,0.00,0.00
2012-01-01T00:00:00Z,-1.00,0.00,0.00
2012-01-01T00:00:00Z,-1.00,0.00,0.00
2012-01-01T00:00:00Z,-1.00,0.00,0.00
2012-01-01T00:00:00Z,-1.00,0.00,0.00
2012-01-01T00:00:00Z,-1.00,0.00,0.00
2024-01-07T22:54:04Z,48.50,100.00,45000.00
2012-01-01T00:00:00Z,-1.00,0.00,0.00
2024-01-07T22:54:06Z,40.40,10090.00,95080.00
2012-01-01T00:00:00Z,-1.00,0.00,0.00
2024-01-07T22:54:09Z,988.60,256200.00,641500.00
2012-01-01T00:00:00Z,-1.00,0.00,0.00
2024-01-07T22:54:09Z,11.40,480.00,48000.00
2012-01-01T00:00:00Z,-1.00,0.00,0.00
2024-01-07T22:54:09Z,143.30,101.00,11750.00
2012-01-01T00:00:00Z,-1.00,0.00,0.00
2024-01-07T22:54:10Z,2494.10,375200.00,526800.00
2012-01-01T00:00:00Z,-1.00,0.00,0.00
2024-01-07T22:54:09Z,231.20,35100.00,59800.00
2012-01-01T00:00:00Z,-1.00,0.00,0.00
2024-01-07T22:54:09Z,3104.00,525000.00,587700.00
2012-01-01T00:00:00Z,-1.00,0.00,0.00
2024-01-07T22:54:04Z,35.20,100.00,35000.00
2012-01-01T00:00:00Z,-1.00,0.00,0.00
2024-01-07T22:54:04Z,980.50,223300.00,732000.00
2012-01-01T00:00:00Z,-1.00,0.00,0.00
2024-01-07T22:54:04Z,20.30,5000.00,26700.00
2012-01-01T00:00:00Z,-1.00,0.00,0.00
2024-01-07T22:54:04Z,1198.40,600100.00,824600.00
2012-01-01T00:00:00Z,-1.00,0.00,0.00
2024-01-07T22:54:16Z,85.20,10.00,73510.00
2012-01-01T00:00:00Z,-1.00,0.00,0.00
2024-01-07T22:54:03Z,79.30,100.00,17750.00
2012-01-01T00:00:00Z,-1.00,0.00,0.00
2024-01-07T22:54:03Z,957.10,640400.00,1113000.00
2012-01-01T00:00:00Z,-1.00,0.00,0.00
2024-01-07T22:53:57Z,29.60,3000000.00,3001000.00
2012-01-01T00:00:00Z,-1.00,0.00,0.00
2024-01-07T22:54:04Z,1089.90,603600.00,1360000.00
2024-01-07T22:54:04Z,41.30,1016.00,49970.00
2024-01-07T22:54:05Z,2.80,5.00,25000.00
2024-01-07T22:54:05Z,917.90,1447000.00,1789000.00
2024-01-07T22:54:05Z,2.30,5.00,99200.00
2024-01-07T22:54:05Z,481.10,583400.00,939700.00
2024-01-07T22:53:57Z,9.80,1278000.00,11000000.00
2012-01-01T00:00:00Z,-1.00,0.00,0.00
2024-01-07T22:54:05Z,9.80,100.00,696900.00
2012-01-01T00:00:00Z,-1.00,0.00,0.00
2024-01-07T22:54:04Z,1237.10,375800.00,776700.00
2012-01-01T00:00:00Z,-1.00,0.00,0.00
2024-01-07T22:54:02Z,408.30,101.00,8500.00
2012-01-01T00:00:00Z,-1.00,0.00,0.00
2024-01-07T22:54:02Z,3957.10,485100.00,526300.00
2012-01-01T00:00:00Z,-1.00,0.00,0.00
2024-01-07T22:53:57Z,38.70,30030.00,627900.00
2012-01-01T00:00:00Z,-1.00,0.00,0.00
2024-01-07T22:54:06Z,1344.70,10250.00,58900.00
2012-01-01T00:00:00Z,-1.00,0.00,0.00
2024-01-07T22:54:06Z,4069.30,900600.00,1062000.00
2012-01-01T00:00:00Z,-1.00,0.00,0.00
2024-01-07T22:54:06Z,408.60,7500.00,57500.00
2012-01-01T00:00:00Z,-1.00,0.00,0.00
2024-01-07T22:54:06Z,1517.80,804700.00,1217000.00
2012-01-01T00:00:00Z,-1.00,0.00,0.00
2024-01-07T22:54:06Z,965.10,15100.00,154000.00
2012-01-01T00:00:00Z,-1.00,0.00,0.00
2024-01-07T22:54:06Z,7235.00,1703000.00,2114000.00
2012-01-01T00:00:00Z,-1.00,0.00,0.00
2024-01-07T22:54:06Z,3614.80,1201.00,9778.00
2012-01-01T00:00:00Z,-1.00,0.00,0.00
2024-01-07T22:54:06Z,8558.90,300000.00,396900.00
2012-01-01T00:00:00Z,-1.00,0.00,0.00
2024-01-07T22:54:16Z,3671.50,2279000.00,2639000.00
2012-01-01T00:00:00Z,-1.00,0.00,0.00
2024-01-07T22:54:16Z,27.30,0.00,280800.00
2012-01-01T00:00:00Z,-1.00,0.00,0.00
2024-01-07T22:54:16Z,637.50,1429000.00,1923000.00
2012-01-01T00:00:00Z,-1.00,0.00,0.00
2024-01-07T22:54:11Z,200889.30,12510.00,15870.00
2024-01-07T22:54:11Z,202530.10,10400.00,14150.00
2024-01-07T22:54:11Z,121304.40,12150.00,14780.00
2024-01-07T22:54:11Z,124721.80,10040.00,13920.00
2024-01-07T22:54:12Z,48831.10,87690.00,120600.00
2024-01-07T22:54:12Z,40460.00,136000.00,162400.00
2024-01-07T22:54:12Z,4000.50,85120.00,95000.00
2024-01-07T22:54:12Z,9762.00,90000.00,136400.00
2024-01-07T22:54:04Z,4.90,102.60,98990.00
2024-01-07T22:54:04Z,588.70,801000.00,1196000.00
2024-01-07T22:54:11Z,5538365.00,795.00,909.30
2024-01-07T22:54:03Z,1435.50,429800.00,1235000.00
2012-01-01T00:00:00Z,-1.00,0.00,0.00
2024-01-07T22:54:03Z,1664.40,721800.00,1667000.00
2012-01-01T00:00:00Z,-1.00,0.00,0.00
2024-01-07T22:54:03Z,561.40,4500000.00,5699000.00
2012-01-01T00:00:00Z,-1.00,0.00,0.00
2024-01-07T22:54:06Z,248.30,500700.00,1400000.00
2012-01-01T00:00:00Z,-1.00,0.00,0.00
2024-01-07T22:54:06Z,104.30,10070.00,0.00
2012-01-01T00:00:00Z,-1.00,0.00,0.00
2024-01-07T22:54:06Z,445.20,500700.00,2000000.00
2012-01-01T00:00:00Z,-1.00,0.00,0.00
2024-01-07T22:54:06Z,1018.50,8.01,8.02
2012-01-01T00:00:00Z,-1.00,0.00,0.00
2024-01-07T22:54:06Z,2244.20,315300.00,399700.00
2012-01-01T00:00:00Z,-1.00,0.00,0.00
2024-01-07T22:54:11Z,234425.10,10800.00,12460.00
2024-01-07T22:54:06Z,215.80,1203.00,19800.00
2012-01-01T00:00:00Z,-1.00,0.00,0.00
2024-01-07T22:54:06Z,870.60,214600.00,378700.00
2012-01-01T00:00:00Z,-1.00,0.00,0.00
2024-01-07T22:54:06Z,46.40,5000.00,55000.00
2012-01-01T00:00:00Z,-1.00,0.00,0.00
2024-01-07T22:54:06Z,740.60,1304000.00,1982000.00
2012-01-01T00:00:00Z,-1.00,0.00,0.00
2024-01-07T22:54:06Z,1795.00,1800.00,1801.00
2012-01-01T00:00:00Z,-1.00,0.00,0.00
2024-01-07T22:54:06Z,9064.50,351200.00,447900.00
2012-01-01T00:00:00Z,-1.00,0.00,0.00
2024-01-07T22:54:16Z,869.90,1000000.00,1070000.00
2012-01-01T00:00:00Z,-1.00,0.00,0.00
2024-01-07T22:54:09Z,159.60,124.00,13970.00
2012-01-01T00:00:00Z,-1.00,0.00,0.00
2024-01-07T22:54:10Z,2853.90,151000.00,299800.00
2012-01-01T00:00:00Z,-1.00,0.00,0.00
2024-01-07T22:54:13Z,0.00,0.00,0.00
2024-01-07T22:54:13Z,0.00,0.00,0.00
2024-01-07T22:54:12Z,5982.20,1788000.00,1999000.00
2024-01-07T22:54:12Z,5969.40,2127000.00,2358000.00
2024-01-07T22:54:12Z,2775.50,991500.00,1175000.00
2024-01-07T22:54:12Z,7423.30,850100.00,1210000.00
2024-01-07T22:54:12Z,1852.20,1610000.00,1939000.00
2024-01-07T22:54:12Z,7741.10,1805000.00,1946000.00
2024-01-07T22:54:01Z,722.90,119500.00,392500.00
2012-01-01T00:00:00Z,-1.00,0.00,0.00
2024-01-07T22:54:12Z,3983.50,1334000.00,1499000.00
2024-01-07T22:54:12Z,6727.20,2080000.00,2270000.00
2024-01-07T22:54:01Z,542.30,513100.00,1057000.00
2012-01-01T00:00:00Z,-1.00,0.00,0.00
2024-01-07T22:54:01Z,312.90,1824000.00,1991000.00
2012-01-01T00:00:00Z,-1.00,0.00,0.00
2024-01-07T22:54:01Z,976.00,1615000.00,2175000.00
2012-01-01T00:00:00Z,-1.00,0.00,0.00
2024-01-07T22:54:01Z,223.30,1510000.00,5593000.00
2024-01-07T22:54:02Z,280.50,3911000.00,7998000.00
2012-01-01T00:00:00Z,-1.00,0.00,0.00
2024-01-07T22:54:02Z,487.90,702800.00,2850000.00
2012-01-01T00:00:00Z,-1.00,0.00,0.00
2024-01-07T22:54:01Z,218.40,631400.00,1099000.00
2012-01-01T00:00:00Z,-1.00,0.00,0.00
2024-01-07T22:54:12Z,64.20,118400000.00,139700000.00
2024-01-07T22:54:01Z,99.40,717200.00,1998000.00
2012-01-01T00:00:00Z,-1.00,0.00,0.00
2024-01-07T22:54:01Z,251.10,544400.00,1286000.00
2012-01-01T00:00:00Z,-1.00,0.00,0.00
2024-01-07T22:54:01Z,436.80,2138000.00,6995000.00
2012-01-01T00:00:00Z,-1.00,0.00,0.00
2024-01-07T22:54:00Z,1183.20,550000.00,846000.00
2012-01-01T00:00:00Z,-1.00,0.00,0.00
2024-01-07T22:54:01Z,1406.80,1368000.00,2723000.00
2012-01-01T00:00:00Z,-1.00,0.00,0.00
2024-01-07T22:54:01Z,476.20,2517000.00,8363000.00
2012-01-01T00:00:00Z,-1.00,0.00,0.00
2024-01-07T22:54:00Z,158.40,770900.00,2194000.00
2012-01-01T00:00:00Z,-1.00,0.00,0.00
2024-01-07T22:54:00Z,806.90,1878000.00,2500000.00
2012-01-01T00:00:00Z,-1.00,0.00,0.00
2024-01-07T22:54:00Z,369.80,412500.00,932200.00
2012-01-01T00:00:00Z,-1.00,0.00,0.00
2024-01-07T22:54:00Z,772.10,438500.00,700000.00
2012-01-01T00:00:00Z,-1.00,0.00,0.00
2024-01-07T22:54:00Z,150.00,4501000.00,7333000.00
2012-01-01T00:00:00Z,-1.00,0.00,0.00
2024-01-07T22:54:19Z,36.20,0.00,144300.00
2012-01-01T00:00:00Z,-1.00,0.00,0.00
2024-01-07T22:54:19Z,1012.70,1435000.00,1790000.00
2012-01-01T00:00:00Z,-1.00,0.00,0.00
2024-01-07T22:54:05Z,334.80,226700.00,2088000.00
2012-01-01T00:00:00Z,-1.00,0.00,0.00
2012-01-01T00:00:00Z,-1.00,0.00,0.00
2024-01-07T22:54:13Z,0.00,0.00,0.00
2024-01-07T22:54:13Z,0.00,0.00,0.00
2024-01-07T22:54:01Z,166.40,901100.00,2595000.00
2012-01-01T00:00:00Z,-1.00,0.00,0.00
2024-01-07T22:54:08Z,8.90,220.00,115800.00
2012-01-01T00:00:00Z,-1.00,0.00,0.00
2024-01-07T22:54:08Z,931.20,956900.00,1630000.00
2012-01-01T00:00:00Z,-1.00,0.00,0.00
2024-01-07T22:54:11Z,7275294.10,595.60,639.00
2024-01-07T22:54:11Z,6118787.30,359.00,448.00
2024-01-07T22:53:57Z,29978.20,1015.00,3000.00
2024-01-07T22:53:57Z,9676.80,900.20,6499.00
2024-01-07T22:54:11Z,821116.10,12530.00,12980.00
2024-01-07T22:54:16Z,93.30,32010000.00,52950000.00
2012-01-01T00:00:00Z,-1.00,0.00,0.00
2024-01-07T22:53:57Z,77.90,100100.00,477500.00
2012-01-01T00:00:00Z,-1.00,0.00,0.00
2024-01-07T22:54:11Z,166799.50,12220.00,16460.00
2024-01-07T22:54:11Z,625465.40,11260.00,14000.00
2024-01-07T22:54:02Z,377.10,1048.00,34200.00
2012-01-01T00:00:00Z,-1.00,0.00,0.00
2024-01-07T22:54:02Z,1191.40,601200.00,824000.00
2012-01-01T00:00:00Z,-1.00,0.00,0.00
2024-01-07T22:54:02Z,63.70,67.00,80000.00
2012-01-01T00:00:00Z,-1.00,0.00,0.00
2024-01-07T22:54:02Z,2422.20,1001000.00,1303000.00
2012-01-01T00:00:00Z,-1.00,0.00,0.00
2024-01-07T22:54:04Z,22.20,105.00,54980.00
2024-01-07T22:54:04Z,757.20,758700.00,1283000.00
2024-01-07T22:54:18Z,496283.90,12130.00,17280.00
2024-01-07T22:54:18Z,548376.00,14150.00,18500.00
2024-01-07T22:54:18Z,1686388.40,15440.00,16670.00
2024-01-07T22:54:06Z,62.10,122800000.00,175300000.00
2012-01-01T00:00:00Z,-1.00,0.00,0.00
2024-01-07T22:53:59Z,8.20,42500000.00,68470000.00
2024-01-07T22:53:59Z,28.50,57500000.00,99150000.00
2024-01-07T22:53:59Z,9.30,42500000.00,71870000.00
2024-01-07T22:53:59Z,30.10,47750000.00,79840000.00
2024-01-07T22:54:18Z,430827.40,13220.00,17460.00
2024-01-07T22:54:07Z,198.60,1255.00,87770.00
2012-01-01T00:00:00Z,-1.00,0.00,0.00
2024-01-07T22:54:07Z,3456.40,763900.00,1243000.00
2012-01-01T00:00:00Z,-1.00,0.00,0.00
2024-01-07T22:54:11Z,1085577.30,10350.00,11830.00
2024-01-07T22:54:12Z,49897.60,100500.00,119700.00
2024-01-07T22:54:11Z,290002.30,10580.00,12220.00
2024-01-07T22:54:12Z,226713.90,13200.00,14990.00
2024-01-07T22:54:12Z,282559.20,12660.00,18000.00
2024-01-07T22:54:12Z,289636.70,87470.00,93000.00
2024-01-07T22:54:04Z,72.60,97.00,99000.00
2012-01-01T00:00:00Z,-1.00,0.00,0.00
2024-01-07T22:54:04Z,2131.50,984500.00,1202000.00
2012-01-01T00:00:00Z,-1.00,0.00,0.00
2024-01-07T22:53:57Z,839.50,10000.00,68010.00
2012-01-01T00:00:00Z,-1.00,0.00,0.00
2024-01-07T22:53:57Z,767.90,252000.00,1126000.00
2012-01-01T00:00:00Z,-1.00,0.00,0.00
2024-01-07T22:54:03Z,56.90,2500.00,42000.00
2012-01-01T00:00:00Z,-1.00,0.00,0.00
2024-01-07T22:54:03Z,604.10,405000.00,460600.00
2012-01-01T00:00:00Z,-1.00,0.00,0.00
2024-01-07T22:53:59Z,39.20,17760000.00,21840000.00
2012-01-01T00:00:00Z,-1.00,0.00,0.00
2024-01-07T22:54:09Z,19.10,5050000.00,20130000.00
2012-01-01T00:00:00Z,-1.00,0.00,0.00
2024-01-07T22:53:59Z,36.40,15000000.00,22800000.00
2012-01-01T00:00:00Z,-1.00,0.00,0.00
2024-01-07T22:53:59Z,22.60,17510000.00,20970000.00
2012-01-01T00:00:00Z,-1.00,0.00,0.00
2024-01-07T22:53:59Z,33.80,17910000.00,22850000.00
2012-01-01T00:00:00Z,-1.00,0.00,0.00
2024-01-07T22:53:59Z,41.80,14000000.00,20880000.00
2012-01-01T00:00:00Z,-1.00,0.00,0.00
2024-01-07T22:53:59Z,87.30,17900000.00,21870000.00
2012-01-01T00:00:00Z,-1.00,0.00,0.00
2024-01-07T22:53:59Z,55.80,17650000.00,23940000.00
2012-01-01T00:00:00Z,-1.00,0.00,0.00
2024-01-07T22:54:09Z,15.90,13250000.00,21160000.00
2012-01-01T00:00:00Z,-1.00,0.00,0.00
2024-01-07T22:53:59Z,93.10,20320000.00,25000000.00
2012-01-01T00:00:00Z,-1.00,0.00,0.00
2024-01-07T22:54:09Z,18.70,18000000.00,29690000.00
2012-01-01T00:00:00Z,-1.00,0.00,0.00
2024-01-07T22:53:59Z,19.40,17020000.00,20400000.00
2012-01-01T00:00:00Z,-1.00,0.00,0.00
2024-01-07T22:53:59Z,89.40,15250000.00,21720000.00
2012-01-01T00:00:00Z,-1.00,0.00,0.00
2024-01-07T22:53:59Z,14.50,12500000.00,18000000.00
2012-01-01T00:00:00Z,-1.00,0.00,0.00
2024-01-07T22:53:59Z,39.20,12500000.00,20480000.00
2012-01-01T00:00:00Z,-1.00,0.00,0.00
2024-01-07T22:54:16Z,51.30,0.00,208100.00
2012-01-01T00:00:00Z,-1.00,0.00,0.00
2024-01-07T22:54:16Z,1238.10,410700.00,800000.00
2012-01-01T00:00:00Z,-1.00,0.00,0.00
2024-01-07T22:54:15Z,16.80,21.00,2173000.00
2012-01-01T00:00:00Z,-1.00,0.00,0.00
2024-01-07T22:53:59Z,5.80,10000000.00,24890000.00
2012-01-01T00:00:00Z,-1.00,0.00,0.00
2024-01-07T22:54:04Z,792.90,1653000.00,2556000.00
2024-01-07T22:53:59Z,97.10,22500000.00,31890000.00
2012-01-01T00:00:00Z,-1.00,0.00,0.00
2024-01-07T22:53:59Z,28.20,15000000.00,20920000.00
2012-01-01T00:00:00Z,-1.00,0.00,0.00
2024-01-07T22:53:59Z,100.80,22850000.00,40960000.00
2012-01-01T00:00:00Z,-1.00,0.00,0.00
2024-01-07T22:53:59Z,247.10,30000000.00,34500000.00
2012-01-01T00:00:00Z,-1.00,0.00,0.00
2024-01-07T22:54:09Z,44.80,19250000.00,24980000.00
2012-01-01T00:00:00Z,-1.00,0.00,0.00
2024-01-07T22:53:59Z,136.00,25000000.00,31860000.00
2012-01-01T00:00:00Z,-1.00,0.00,0.00
2024-01-07T22:54:18Z,917913.00,42200.00,46700.00
2024-01-07T22:53:59Z,43.20,17750000.00,25000000.00
2012-01-01T00:00:00Z,-1.00,0.00,0.00
2024-01-07T22:54:19Z,7996.30,803.70,2185.00
2024-01-07T22:54:19Z,68378.80,555.00,1749.00
2024-01-07T22:54:19Z,5736.30,481.30,1342.00
2024-01-07T22:54:19Z,2070.60,408.00,1172.00
2024-01-07T22:54:19Z,13979.20,754.00,1857.00
2024-01-07T22:54:19Z,15213.80,388.10,2388.00
2024-01-07T22:54:19Z,15064.20,455.60,1798.00
2024-01-07T22:54:19Z,8537.70,35000.00,47500.00
2024-01-07T22:54:18Z,11215.40,15330.00,46000.00
2024-01-07T22:54:06Z,14438.00,26290.00,59990.00
2024-01-07T22:54:06Z,7166.80,25030.00,38970.00
2024-01-07T22:54:06Z,9453.30,14280.00,27490.00
2024-01-07T22:54:18Z,5614.50,10370.00,27000.00
2024-01-07T22:54:19Z,3961.80,21000.00,24810.00
2024-01-07T22:54:06Z,8835.40,22170.00,31500.00
2024-01-07T22:54:19Z,24909.70,50000.00,56800.00
2024-01-07T22:54:06Z,45595.00,51000.00,53500.00
2024-01-07T22:54:06Z,46622.30,56230.00,65340.00
2024-01-07T22:54:18Z,63197.40,29440.00,53000.00
2024-01-07T22:54:19Z,71480.50,8800.00,9370.00
2024-01-07T22:54:06Z,150357.00,5223.00,9397.00
2024-01-07T22:54:06Z,99420.30,6573.00,9830.00
2024-01-07T22:54:18Z,81080.10,6239.00,9700.00
2024-01-07T22:54:18Z,1897.50,51880.00,140000.00
2024-01-07T22:54:19Z,3395.50,78000.00,140000.00
2024-01-07T22:54:06Z,6149.50,101500.00,154800.00
2024-01-07T22:54:06Z,1754.40,70030.00,140000.00
2024-01-07T22:54:19Z,9781.10,40500.00,42850.00
2024-01-07T22:54:06Z,9580.20,31030.00,56800.00
2024-01-07T22:54:18Z,6770.90,22460.00,55000.00
2024-01-07T22:54:06Z,26558.90,39290.00,59400.00
2024-01-07T22:54:19Z,8521.60,32000.00,55000.00
2024-01-07T22:54:19Z,12589.70,24670.00,45000.00
2024-01-07T22:54:06Z,12081.10,40000.00,46030.00
2024-01-07T22:54:06Z,21084.50,14130.00,49200.00
2012-01-01T00:00:00Z,-1.00,0.00,0.00
2024-01-07T22:54:04Z,621.80,2101000.00,5069000.00
2024-01-07T22:54:04Z,1020.40,5767000.00,6720000.00
2012-01-01T00:00:00Z,-1.00,0.00,0.00
2012-01-01T00:00:00Z,-1.00,0.00,0.00
2012-01-01T00:00:00Z,-1.00,0.00,0.00
2012-01-01T00:00:00Z,-1.00,0.00,0.00
2012-01-01T00:00:00Z,-1.00,0.00,0.00
2024-01-07T22:54:19Z,6566.20,23700.00,35000.00
2024-01-07T22:54:06Z,28361.20,21040.00,26610.00
2024-01-07T22:54:06Z,8212.20,10050.00,21470.00
2024-01-07T22:54:19Z,8818.10,20030.00,22220.00
2024-01-07T22:54:06Z,7816.70,10720.00,21000.00
2024-01-07T22:54:19Z,3179.20,10050.00,21500.00
2012-01-01T00:00:00Z,-1.00,0.00,0.00
2012-01-01T00:00:00Z,-1.00,0.00,0.00
2012-01-01T00:00:00Z,-1.00,0.00,0.00
2012-01-01T00:00:00Z,-1.00,0.00,0.00
2012-01-01T00:00:00Z,-1.00,0.00,0.00
2024-01-07T22:54:06Z,57.60,140000000.00,209900000.00
2012-01-01T00:00:00Z,-1.00,0.00,0.00
2024-01-07T22:54:06Z,4.70,97500000.00,190900000.00
2012-01-01T00:00:00Z,-1.00,0.00,0.00
2024-01-07T22:54:06Z,34.50,123000000.00,197800000.00
2012-01-01T00:00:00Z,-1.00,0.00,0.00
2024-01-07T22:54:06Z,39.90,169000000.00,190900000.00
2012-01-01T00:00:00Z,-1.00,0.00,0.00
2024-01-07T22:54:06Z,27.50,112500000.00,177700000.00
2012-01-01T00:00:00Z,-1.00,0.00,0.00
2024-01-07T22:54:06Z,44.30,140200000.00,187100000.00
2012-01-01T00:00:00Z,-1.00,0.00,0.00
2024-01-07T22:54:06Z,17.70,142500000.00,203000000.00
2012-01-01T00:00:00Z,-1.00,0.00,0.00
2024-01-07T22:53:59Z,34.30,113200000.00,216000000.00
2012-01-01T00:00:00Z,-1.00,0.00,0.00
2024-01-07T22:53:59Z,33.40,140000000.00,207000000.00
2012-01-01T00:00:00Z,-1.00,0.00,0.00
2024-01-07T22:53:59Z,24.00,130100000.00,164900000.00
2012-01-01T00:00:00Z,-1.00,0.00,0.00
2024-01-07T22:53:59Z,22.60,125000000.00,178900000.00
2012-01-01T00:00:00Z,-1.00,0.00,0.00
2024-01-07T22:53:59Z,28.20,137500000.00,184600000.00
2012-01-01T00:00:00Z,-1.00,0.00,0.00
2024-01-07T22:54:09Z,13.30,223000000.00,318400000.00
2012-01-01T00:00:00Z,-1.00,0.00,0.00
2024-01-07T22:53:59Z,49.70,132500000.00,195400000.00
2012-01-01T00:00:00Z,-1.00,0.00,0.00
2024-01-07T22:53:59Z,6.30,95020000.00,198300000.00
2012-01-01T00:00:00Z,-1.00,0.00,0.00
2024-01-07T22:53:59Z,516.80,163200000.00,179600000.00
2012-01-01T00:00:00Z,-1.00,0.00,0.00
2024-01-07T22:53:59Z,16.10,105000000.00,124800000.00
2012-01-01T00:00:00Z,-1.00,0.00,0.00
2024-01-07T22:54:09Z,8.40,85000000.00,259800000.00
2012-01-01T00:00:00Z,-1.00,0.00,0.00
2024-01-07T22:53:59Z,19.10,102500000.00,144000000.00
2012-01-01T00:00:00Z,-1.00,0.00,0.00
2024-01-07T22:54:09Z,7.20,103700000.00,283100000.00
2012-01-01T00:00:00Z,-1.00,0.00,0.00
2024-01-07T22:53:59Z,65.30,170000000.00,219400000.00
2012-01-01T00:00:00Z,-1.00,0.00,0.00
2024-01-07T22:54:09Z,5.80,190000000.00,257500000.00
2012-01-01T00:00:00Z,-1.00,0.00,0.00
2024-01-07T22:53:59Z,18.20,127600000.00,204600000.00
2012-01-01T00:00:00Z,-1.00,0.00,0.00
2012-01-01T00:00:00Z,-1.00,0.00,0.00
2024-01-07T22:53:59Z,49.00,14750000.00,24820000.00
2024-01-07T22:53:59Z,62.80,14510000.00,19430000.00
2012-01-01T00:00:00Z,-1.00,0.00,0.00
2024-01-07T22:53:59Z,123.40,17000000.00,25000000.00
2012-01-01T00:00:00Z,-1.00,0.00,0.00
2024-01-07T22:53:59Z,6.80,13250000.00,26320000.00
2012-01-01T00:00:00Z,-1.00,0.00,0.00
2024-01-07T22:53:59Z,29.60,19200000.00,28930000.00
2012-01-01T00:00:00Z,-1.00,0.00,0.00
2024-01-07T22:53:57Z,43.20,13420.00,309400.00
2012-01-01T00:00:00Z,-1.00,0.00,0.00
2024-01-07T22:54:00Z,76.10,84.00,79710.00
2012-01-01T00:00:00Z,-1.00,0.00,0.00
2024-01-07T22:54:00Z,1040.70,2053000.00,2956000.00
2012-01-01T00:00:00Z,-1.00,0.00,0.00
2024-01-07T22:54:00Z,24.70,1001.00,678900.00
2012-01-01T00:00:00Z,-1.00,0.00,0.00
2024-01-07T22:54:00Z,158.20,3035000.00,4149000.00
2012-01-01T00:00:00Z,-1.00,0.00,0.00
2024-01-07T22:53:57Z,191.30,4416000.00,5000000.00
2012-01-01T00:00:00Z,-1.00,0.00,0.00
2012-01-01T00:00:00Z,-1.00,0.00,0.00
2012-01-01T00:00:00Z,-1.00,0.00,0.00
2024-01-07T22:54:08Z,15.90,2160.00,2000000.00
2024-01-07T22:53:59Z,12.10,2378000.00,0.00
2024-01-07T22:54:04Z,2.30,250.00,250000.00
2012-01-01T00:00:00Z,-1.00,0.00,0.00
2024-01-07T22:54:04Z,523.80,2221000.00,4540000.00
2012-01-01T00:00:00Z,-1.00,0.00,0.00
2024-01-07T22:54:04Z,4.70,1400.00,1400000.00
2012-01-01T00:00:00Z,-1.00,0.00,0.00
2024-01-07T22:54:04Z,109.40,2830000.00,5999000.00
2012-01-01T00:00:00Z,-1.00,0.00,0.00
2024-01-07T22:54:04Z,175.00,16170.00,161300.00
2012-01-01T00:00:00Z,-1.00,0.00,0.00
2012-01-01T00:00:00Z,-1.00,0.00,0.00
2024-01-07T22:54:03Z,26.60,120200000.00,146300000.00
2012-01-01T00:00:00Z,-1.00,0.00,0.00
2024-01-07T22:54:03Z,24.70,135000000.00,227700000.00
2012-01-01T00:00:00Z,-1.00,0.00,0.00
2024-01-07T22:54:03Z,9.10,115100000.00,132000000.00
2012-01-01T00:00:00Z,-1.00,0.00,0.00
2024-01-07T22:54:03Z,16.60,98250000.00,139000000.00
2012-01-01T00:00:00Z,-1.00,0.00,0.00
2024-01-07T22:54:03Z,30.10,122500000.00,141400000.00
2012-01-01T00:00:00Z,-1.00,0.00,0.00
2024-01-07T22:54:03Z,37.10,75010000.00,204200000.00
2012-01-01T00:00:00Z,-1.00,0.00,0.00
2024-01-07T22:54:03Z,10.00,111100000.00,201900000.00
2012-01-01T00:00:00Z,-1.00,0.00,0.00
2024-01-07T22:54:03Z,10.30,112500000.00,200800000.00
2012-01-01T00:00:00Z,-1.00,0.00,0.00
2012-01-01T00:00:00Z,-1.00,0.00,0.00
2024-01-07T22:54:04Z,387.30,1106000.00,1900000.00
2012-01-01T00:00:00Z,-1.00,0.00,0.00
2024-01-07T22:54:03Z,13.80,0.00,948000.00
2012-01-01T00:00:00Z,-1.00,0.00,0.00
2024-01-07T22:54:06Z,547.20,1467.00,14400.00
2012-01-01T00:00:00Z,-1.00,0.00,0.00
2024-01-07T22:54:06Z,466.20,10040.00,70020.00
2012-01-01T00:00:00Z,-1.00,0.00,0.00
2012-01-01T00:00:00Z,-1.00,0.00,0.00
2024-01-07T22:53:59Z,79.30,34300000.00,44000000.00
2012-01-01T00:00:00Z,-1.00,0.00,0.00
2024-01-07T22:53:59Z,27.10,50000000.00,67220000.00
2012-01-01T00:00:00Z,-1.00,0.00,0.00
2024-01-07T22:53:59Z,15.90,45030000.00,54980000.00
2012-01-01T00:00:00Z,-1.00,0.00,0.00
2024-01-07T22:53:59Z,8.20,59550000.00,69620000.00
2012-01-01T00:00:00Z,-1.00,0.00,0.00
2024-01-07T22:53:59Z,15.20,312400.00,1090000.00
2012-01-01T00:00:00Z,-1.00,0.00,0.00
2024-01-07T22:53:59Z,102.70,510000.00,975000.00
2012-01-01T00:00:00Z,-1.00,0.00,0.00
2024-01-07T22:53:59Z,55.30,383100.00,1437000.00
2012-01-01T00:00:00Z,-1.00,0.00,0.00
2024-01-07T22:53:59Z,47.10,554900.00,1334000.00
2012-01-01T00:00:00Z,-1.00,0.00,0.00
2024-01-07T22:54:08Z,66287400.00,34.04,43.98
2024-01-07T22:54:08Z,63014578.00,70.10,97.79
2024-01-07T22:54:08Z,66369981.30,525.10,551.80
2024-01-07T22:54:08Z,3945461.10,2754.00,4637.00
2024-01-07T22:54:08Z,204.40,1950000.00,5596000.00
2012-01-01T00:00:00Z,-1.00,0.00,0.00
2024-01-07T22:53:59Z,4610411.40,1502.00,2240.00
2024-01-07T22:53:59Z,5499100.40,1303.00,1830.00
2024-01-07T22:53:59Z,3364529.50,1723.00,1835.00
2024-01-07T22:53:59Z,2974324.00,2090.00,2473.00
2024-01-07T22:53:59Z,528181.30,4629.00,5798.00
2024-01-07T22:53:59Z,356898.70,4616.00,5245.00
2024-01-07T22:53:59Z,325429.80,6574.00,7210.00
2024-01-07T22:53:59Z,1922796.90,4347.00,4895.00
2024-01-07T22:53:59Z,1043530.60,8600.00,9860.00
2024-01-07T22:53:59Z,844474.40,7052.00,7599.00
2024-01-07T22:53:59Z,1518222.10,8160.00,8940.00
2024-01-07T22:53:59Z,1355575.00,8805.00,9996.00
2024-01-07T22:53:59Z,1905894.40,4388.00,5615.00
2024-01-07T22:53:59Z,402875.00,6020.00,7140.00
2024-01-07T22:53:59Z,431525.00,17460.00,22510.00
2024-01-07T22:53:59Z,296190.30,8876.00,9584.00
2024-01-07T22:53:59Z,250982.40,73510.00,89960.00
2024-01-07T22:53:59Z,158275.40,69730.00,78770.00
2024-01-07T22:53:59Z,273385.00,80000.00,97330.00
2024-01-07T22:53:59Z,191545.00,39140.00,50570.00
2024-01-07T22:53:59Z,13839.50,3005.00,8896.00
2024-01-07T22:53:59Z,9821.00,6917.00,8912.00
2024-01-07T22:53:59Z,132221.80,4297.00,7991.00
2024-01-07T22:53:59Z,48786.70,5013.00,11100.00
2024-01-07T22:53:59Z,36493.10,1537.00,3194.00
2024-01-07T22:53:59Z,366769.00,2570.00,4200.00
2024-01-07T22:53:59Z,33390.90,666.40,3500.00
2024-01-07T22:53:59Z,87881.30,1004.00,3000.00
2024-01-07T22:53:59Z,32952.50,8034.00,14000.00
2024-01-07T22:53:59Z,32142.40,7203.00,8789.00
2024-01-07T22:53:59Z,3135.10,2867.00,10690.00
2024-01-07T22:53:59Z,118234.40,5205.00,12600.00
2024-01-07T22:53:59Z,45242.60,27710.00,0.00
2024-01-07T22:53:59Z,58024.90,0.00,48000.00
2024-01-07T22:53:59Z,21028.70,24010.00,49210.00
2024-01-07T22:53:59Z,24014.40,35730.00,59880.00
2024-01-07T22:53:59Z,70676086.60,143.10,146.00
2024-01-07T22:53:59Z,39959023.10,146.40,184.20
2024-01-07T22:53:59Z,55686770.30,132.80,135.00
2024-01-07T22:53:59Z,40341992.80,127.50,133.00
2024-01-07T22:53:59Z,46885890.80,204.30,318.50
2024-01-07T22:53:59Z,22802657.70,623.20,861.90
2024-01-07T22:53:59Z,3793840.40,1250.00,1519.00
2024-01-07T22:53:59Z,1745730.20,3240.00,3870.00
2024-01-07T22:53:59Z,557665.00,8300.00,9499.00
2024-01-07T22:53:59Z,333163.40,33290.00,37910.00
2024-01-07T22:53:59Z,60363.10,56160.00,74450.00
2024-01-07T22:54:12Z,6843.40,80000.00,116800.00
2024-01-07T22:53:59Z,118.50,45000000.00,59000000.00
2012-01-01T00:00:00Z,-1.00,0.00,0.00
2024-01-07T22:53:59Z,118.50,52520000.00,65960000.00
2012-01-01T00:00:00Z,-1.00,0.00,0.00
2024-01-07T22:53:59Z,106.20,60030000.00,65960000.00
2012-01-01T00:00:00Z,-1.00,0.00,0.00
2024-01-07T22:54:08Z,816.00,3606000.00,5468000.00
2012-01-01T00:00:00Z,-1.00,0.00,0.00
2024-01-07T22:54:12Z,45.30,297500000.00,347500000.00
2024-01-07T22:54:12Z,7.00,150000000.00,319700000.00
2024-01-07T22:54:12Z,4.90,150000000.00,279900000.00
2024-01-07T22:54:12Z,4.70,205400000.00,449900000.00
2024-01-07T22:54:12Z,6.50,1032000000.00,1369000000.00
2024-01-07T22:54:12Z,23.60,890000000.00,1146000000.00
2024-01-07T22:54:12Z,2.60,635000000.00,1537000000.00
2024-01-07T22:53:59Z,8624.90,100.00,58520.00
2024-01-07T22:54:08Z,41317044.80,562.90,563.00
2024-01-07T22:54:08Z,37053202.70,591.00,645.00
2024-01-07T22:54:08Z,21002030.20,462.30,506.00
2024-01-07T22:54:08Z,264.60,3226000.00,8499000.00
2012-01-01T00:00:00Z,-1.00,0.00,0.00
2024-01-07T22:54:12Z,16.10,820100000.00,1317000000.00
2024-01-07T22:54:12Z,7.00,785000000.00,1090000000.00
2024-01-07T22:54:12Z,7.70,102500000.00,224900000.00
2024-01-07T22:54:12Z,54.80,37890000.00,126800000.00
2024-01-07T22:54:12Z,1.90,47890000.00,101600000.00
2024-01-07T22:54:12Z,13.10,77500000.00,0.00
2024-01-07T22:54:12Z,10.50,30000000.00,85970000.00
2024-01-07T22:54:12Z,9.10,77550000.00,97420000.00
2024-01-07T22:53:59Z,33545.60,11030.00,15400.00
2024-01-07T22:53:59Z,59441.40,29710.00,0.00
2012-01-01T00:00:00Z,-1.00,0.00,0.00
2012-01-01T00:00:00Z,-1.00,0.00,0.00
2012-01-01T00:00:00Z,-1.00,0.00,0.00
2012-01-01T00:00:00Z,-1.00,0.00,0.00
2024-01-07T22:54:03Z,289.80,917600.00,3225000.00
2012-01-01T00:00:00Z,-1.00,0.00,0.00
2024-01-07T22:53:57Z,176.90,3081000.00,4194000.00
2012-01-01T00:00:00Z,-1.00,0.00,0.00
2024-01-07T22:54:06Z,28.00,188700000.00,211900000.00
2012-01-01T00:00:00Z,-1.00,0.00,0.00
2024-01-07T22:54:07Z,8.90,1202.00,667100.00
2024-01-07T22:54:18Z,5904.70,6113.00,114000.00
2024-01-07T22:54:18Z,2873.30,60550.00,145000.00
2012-01-01T00:00:00Z,-1.00,0.00,0.00
2012-01-01T00:00:00Z,-1.00,0.00,0.00
2012-01-01T00:00:00Z,-1.00,0.00,0.00
2012-01-01T00:00:00Z,-1.00,0.00,0.00
2012-01-01T00:00:00Z,-1.00,0.00,0.00
2012-01-01T00:00:00Z,-1.00,0.00,0.00
2012-01-01T00:00:00Z,-1.00,0.00,0.00
2012-01-01T00:00:00Z,-1.00,0.00,0.00
2024-01-07T22:54:06Z,14.90,83000000.00,113800000.00
2012-01-01T00:00:00Z,-1.00,0.00,0.00
2024-01-07T22:54:15Z,317.10,2804000.00,4210000.00
2012-01-01T00:00:00Z,-1.00,0.00,0.00
2024-01-07T22:54:18Z,3063.00,55130.00,126400.00
2024-01-07T22:54:18Z,7403.70,45250.00,117800.00
2024-01-07T22:54:18Z,763.90,71550.00,116900.00
2024-01-07T22:54:18Z,4635.40,47300.00,98000.00
2024-01-07T22:54:18Z,6378.90,45450.00,125000.00
2024-01-07T22:54:18Z,4146.30,12240.00,154100.00
2024-01-07T22:54:18Z,3486.90,71840.00,99000.00
2024-01-07T22:54:18Z,1410.70,82120.00,117000.00
2024-01-07T22:54:18Z,10168.40,85020.00,119900.00
2024-01-07T22:54:18Z,9004.60,107900.00,127900.00
2024-01-07T22:54:18Z,3410.40,103900.00,116900.00
2024-01-07T22:54:18Z,3988.10,23100.00,99000.00
2024-01-07T22:54:18Z,3126.90,73600.00,808400.00
2024-01-07T22:54:18Z,5906.10,73040.00,116900.00
2024-01-07T22:54:05Z,5.80,65500000.00,90000000.00
2012-01-01T00:00:00Z,-1.00,0.00,0.00
2024-01-07T22:54:05Z,14.20,2158000.00,25500000.00
2024-01-07T22:54:05Z,11.40,2912000.00,23020000.00
2024-01-07T22:54:05Z,16.10,2400000.00,20990000.00
2024-01-07T22:54:05Z,23.80,2704000.00,29480000.00
2024-01-07T22:54:05Z,18.00,2117000.00,20990000.00
2024-01-07T22:54:05Z,27.80,2303000.00,28280000.00
2024-01-07T22:54:06Z,45.00,2903000.00,24000000.00
2024-01-07T22:54:05Z,72.30,4863000.00,35730000.00
2024-01-07T22:54:05Z,34.50,2000000.00,21970000.00
2024-01-07T22:54:05Z,81.40,2017000.00,10990000.00
2024-01-07T22:54:06Z,35.50,2018000.00,23540000.00
2024-01-07T22:54:06Z,31.70,1879000.00,17250000.00
2024-01-07T22:54:06Z,47.10,4502000.00,36130000.00
2024-01-07T22:54:06Z,18.90,0.00,0.00
2024-01-07T22:54:06Z,567.20,653100.00,945200.00
2012-01-01T00:00:00Z,-1.00,0.00,0.00
2024-01-07T22:54:06Z,2762.40,800000.00,1182000.00
2012-01-01T00:00:00Z,-1.00,0.00,0.00
2024-01-07T22:54:08Z,222.60,3739000.00,8497000.00
2012-01-01T00:00:00Z,-1.00,0.00,0.00
2024-01-07T22:54:04Z,2591.40,629200.00,1699000.00
2012-01-01T00:00:00Z,-1.00,0.00,0.00
2024-01-07T22:54:09Z,47.40,1073000000.00,1325000000.00
2012-01-01T00:00:00Z,-1.00,0.00,0.00
2024-01-07T22:54:09Z,4.00,553600000.00,1288000000.00
2012-01-01T00:00:00Z,-1.00,0.00,0.00
2024-01-07T22:54:09Z,13.10,980000000.00,1269000000.00
2012-01-01T00:00:00Z,-1.00,0.00,0.00
2024-01-07T22:54:09Z,5.10,745000000.00,1137000000.00
2012-01-01T00:00:00Z,-1.00,0.00,0.00
2024-01-07T22:54:06Z,4.20,135000000.00,397700000.00
2012-01-01T00:00:00Z,-1.00,0.00,0.00
2024-01-07T22:54:06Z,67.40,320700000.00,369100000.00
2012-01-01T00:00:00Z,-1.00,0.00,0.00
2024-01-07T22:54:06Z,4.40,316200000.00,390000000.00
2012-01-01T00:00:00Z,-1.00,0.00,0.00
2024-01-07T22:54:06Z,2.10,175300000.00,374900000.00
2012-01-01T00:00:00Z,-1.00,0.00,0.00
2024-01-07T22:54:06Z,32.70,43520000.00,51570000.00
2012-01-01T00:00:00Z,-1.00,0.00,0.00
2024-01-07T22:54:06Z,158.00,40010000.00,47690000.00
2012-01-01T00:00:00Z,-1.00,0.00,0.00
2024-01-07T22:54:06Z,49.20,40000000.00,52000000.00
2012-01-01T00:00:00Z,-1.00,0.00,0.00
2024-01-07T22:54:06Z,147.90,41000000.00,51220000.00
2012-01-01T00:00:00Z,-1.00,0.00,0.00
2024-01-07T22:54:06Z,1.90,134300000.00,382700000.00
2012-01-01T00:00:00Z,-1.00,0.00,0.00
2024-01-07T22:54:06Z,9.30,272500000.00,439000000.00
2012-01-01T00:00:00Z,-1.00,0.00,0.00
2024-01-07T22:54:06Z,8.40,210000000.00,419700000.00
2012-01-01T00:00:00Z,-1.00,0.00,0.00
2024-01-07T22:54:06Z,4.40,210000000.00,400000000.00
2012-01-01T00:00:00Z,-1.00,0.00,0.00
2024-01-07T22:54:06Z,163.10,265400000.00,304000000.00
2012-01-01T00:00:00Z,-1.00,0.00,0.00
2024-01-07T22:54:06Z,14.90,240300000.00,262500000.00
2012-01-01T00:00:00Z,-1.00,0.00,0.00
2024-01-07T22:54:06Z,119.90,250400000.00,299000000.00
2012-01-01T00:00:00Z,-1.00,0.00,0.00
2024-01-07T22:54:10Z,19934.60,45520.00,98480.00
2012-01-01T00:00:00Z,-1.00,0.00,0.00
2024-01-07T22:54:06Z,1073.30,7100000.00,8726000.00
2012-01-01T00:00:00Z,-1.00,0.00,0.00
2024-01-07T22:54:06Z,187.60,1250000.00,3300000.00
2012-01-01T00:00:00Z,-1.00,0.00,0.00
2024-01-07T22:54:06Z,342.10,2050000.00,5496000.00
2024-01-07T22:54:06Z,243.10,2600.00,245000.00
2012-01-01T00:00:00Z,-1.00,0.00,0.00
2024-01-07T22:54:07Z,1028.80,132300.00,514300.00
2012-01-01T00:00:00Z,-1.00,0.00,0.00
2024-01-07T22:54:06Z,45.30,0.00,350000.00
2012-01-01T00:00:00Z,-1.00,0.00,0.00
2024-01-07T22:54:06Z,12.60,0.00,700000.00
2012-01-01T00:00:00Z,-1.00,0.00,0.00
2024-01-07T22:54:06Z,57.20,0.00,0.00
2012-01-01T00:00:00Z,-1.00,0.00,0.00
2012-01-01T00:00:00Z,-1.00,0.00,0.00
2012-01-01T00:00:00Z,-1.00,0.00,0.00
2012-01-01T00:00:00Z,-1.00,0.00,0.00
2012-01-01T00:00:00Z,-1.00,0.00,0.00
2012-01-01T00:00:00Z,-1.00,0.00,0.00
2012-01-01T00:00:00Z,-1.00,0.00,0.00
2012-01-01T00:00:00Z,-1.00,0.00,0.00
2024-01-07T22:54:07Z,178.30,12380.00,320000.00
2012-01-01T00:00:00Z,-1.00,0.00,0.00
2024-01-07T22:54:07Z,346.00,925200.00,1178000.00
2012-01-01T00:00:00Z,-1.00,0.00,0.00
2024-01-07T22:54:07Z,701.20,1252000.00,1549000.00
2012-01-01T00:00:00Z,-1.00,0.00,0.00
2012-01-01T00:00:00Z,-1.00,0.00,0.00
2024-01-07T22:54:06Z,5.10,7892000.00,48900000.00
2024-01-07T22:54:06Z,7.70,3930000.00,38800000.00
2024-01-07T22:54:06Z,0.70,1000000.00,0.00
2024-01-07T22:54:06Z,18.00,3699000.00,28990000.00
2024-01-07T22:54:06Z,15.90,2817000.00,27850000.00
2024-01-07T22:53:57Z,29.20,355000000.00,418800000.00
2024-01-07T22:53:57Z,2.80,176800000.00,399900000.00
2024-01-07T22:53:57Z,5.40,175000000.00,487100000.00
2024-01-07T22:53:57Z,0.50,202000000.00,389900000.00
2024-01-07T22:53:59Z,4.70,32500000.00,47300000.00
2012-01-01T00:00:00Z,-1.00,0.00,0.00
2024-01-07T22:53:59Z,42.70,47800000.00,59480000.00
2012-01-01T00:00:00Z,-1.00,0.00,0.00
2024-01-07T22:53:59Z,112.90,46000000.00,50000000.00
2012-01-01T00:00:00Z,-1.00,0.00,0.00
2024-01-07T22:53:59Z,85.20,57500000.00,66920000.00
2012-01-01T00:00:00Z,-1.00,0.00,0.00
2024-01-07T22:54:07Z,159.10,45000.00,89700.00
2024-01-07T22:54:07Z,51.30,35520.00,116000.00
2024-01-07T22:54:07Z,215.10,51210.00,99990.00
2024-01-07T22:54:07Z,3420.90,0.00,55550.00
2024-01-07T22:54:07Z,24599.40,31980.00,38930.00
2024-01-07T22:54:07Z,9736.80,50120.00,68900.00
2024-01-07T22:54:07Z,992.40,38100.00,79200.00
2024-01-07T22:54:07Z,550.90,31140.00,97680.00
2024-01-07T22:54:18Z,155.90,1547000.00,1868000.00
2024-01-07T22:54:18Z,2204.50,490100.00,547900.00
2024-01-07T22:54:18Z,134.60,1196000.00,1540000.00
2024-01-07T22:54:18Z,178.30,80540.00,218200.00
2024-01-07T22:54:18Z,6563.00,425800.00,453000.00
2024-01-07T22:54:18Z,4014.30,3659.00,4970.00
2024-01-07T22:54:18Z,5549.10,1123000.00,1259000.00
2024-01-07T22:54:18Z,5135.40,11030.00,11800.00
2024-01-07T22:54:18Z,137.20,245600.00,389000.00
2024-01-07T22:54:18Z,2886.30,805500.00,985900.00
2024-01-07T22:54:18Z,2292.00,6678000.00,7032000.00
2024-01-07T22:54:18Z,134.20,5246000.00,5999000.00
2024-01-07T22:54:07Z,828.10,1113000.00,1468000.00
2012-01-01T00:00:00Z,-1.00,0.00,0.00
2024-01-07T22:54:18Z,3939.60,80020.00,104000.00
2012-01-01T00:00:00Z,-1.00,0.00,0.00
2012-01-01T00:00:00Z,-1.00,0.00,0.00
2012-01-01T00:00:00Z,-1.00,0.00,0.00
2012-01-01T00:00:00Z,-1.00,0.00,0.00
2012-01-01T00:00:00Z,-1.00,0.00,0.00
2012-01-01T00:00:00Z,-1.00,0.00,0.00
2012-01-01T00:00:00Z,-1.00,0.00,0.00
2012-01-01T00:00:00Z,-1.00,0.00,0.00
2012-01-01T00:00:00Z,-1.00,0.00,0.00
2012-01-01T00:00:00Z,-1.00,0.00,0.00
2012-01-01T00:00:00Z,-1.00,0.00,0.00
2012-01-01T00:00:00Z,-1.00,0.00,0.00
2012-01-01T00:00:00Z,-1.00,0.00,0.00
2012-01-01T00:00:00Z,-1.00,0.00,0.00
2024-01-07T22:54:10Z,3.30,0.00,197500000.00
2012-01-01T00:00:00Z,-1.00,0.00,0.00
2024-01-07T22:54:10Z,3.70,0.00,181700000.00
2012-01-01T00:00:00Z,-1.00,0.00,0.00
2024-01-07T22:54:10Z,11.20,0.00,205900000.00
2012-01-01T00:00:00Z,-1.00,0.00,0.00
2024-01-07T22:54:10Z,5.80,1.00,213000000.00
2012-01-01T00:00:00Z,-1.00,0.00,0.00
2024-01-07T22:54:10Z,2.10,0.00,219900000.00
2012-01-01T00:00:00Z,-1.00,0.00,0.00
2024-01-07T22:54:10Z,128.10,160100000.00,186700000.00
2012-01-01T00:00:00Z,-1.00,0.00,0.00
2024-01-07T22:54:10Z,7.90,1.00,82620000.00
2012-01-01T00:00:00Z,-1.00,0.00,0.00
2024-01-07T22:54:10Z,20.50,1.00,52090000.00
2012-01-01T00:00:00Z,-1.00,0.00,0.00
2024-01-07T22:54:10Z,3.70,0.00,69210000.00
2012-01-01T00:00:00Z,-1.00,0.00,0.00
2024-01-07T22:54:10Z,320.60,12010000.00,55290000.00
2012-01-01T00:00:00Z,-1.00,0.00,0.00
2024-01-07T22:54:11Z,60.00,5600000.00,23060000.00
2012-01-01T00:00:00Z,-1.00,0.00,0.00
2024-01-07T22:54:11Z,21.00,0.00,30240000.00
2012-01-01T00:00:00Z,-1.00,0.00,0.00
2024-01-07T22:54:11Z,56.70,45000000.00,175000000.00
2012-01-01T00:00:00Z,-1.00,0.00,0.00
2024-01-07T22:54:11Z,11.40,1.00,129500000.00
2012-01-01T00:00:00Z,-1.00,0.00,0.00
2012-01-01T00:00:00Z,-1.00,0.00,0.00
2024-01-07T22:53:59Z,36.60,30000000.00,42450000.00
2012-01-01T00:00:00Z,-1.00,0.00,0.00
2024-01-07T22:54:06Z,358.40,716100.00,2167000.00
2012-01-01T00:00:00Z,-1.00,0.00,0.00
2024-01-07T22:54:06Z,103.60,635500.00,1437000.00
2012-01-01T00:00:00Z,-1.00,0.00,0.00
2024-01-07T22:54:06Z,935.20,1403000.00,1996000.00
2012-01-01T00:00:00Z,-1.00,0.00,0.00
2024-01-07T22:54:06Z,552.50,203000.00,1930000.00
2012-01-01T00:00:00Z,-1.00,0.00,0.00
2012-01-01T00:00:00Z,-1.00,0.00,0.00
2024-01-07T22:54:30Z,8.20,1803000000.00,2146000000.00
2024-01-07T22:54:09Z,60.00,1200000000.00,1417000000.00
2012-01-01T00:00:00Z,-1.00,0.00,0.00
2024-01-07T22:54:09Z,12.40,840000000.00,1338000000.00
2012-01-01T00:00:00Z,-1.00,0.00,0.00
2024-01-07T22:54:09Z,28.20,1234000000.00,1392000000.00
2012-01-01T00:00:00Z,-1.00,0.00,0.00
2024-01-07T22:54:09Z,571943.90,27000.00,30250.00
2024-01-07T22:54:07Z,1075.20,118700.00,248400.00
2024-01-07T22:54:07Z,3529.40,50060.00,89700.00
2024-01-07T22:54:07Z,4990.30,86430.00,248400.00
2024-01-07T22:54:07Z,2308.40,102300.00,177900.00
2024-01-07T22:54:07Z,11956.00,65020.00,132600.00
2024-01-07T22:54:07Z,15743.90,100900.00,124400.00
2024-01-07T22:54:07Z,2629.20,100.10,163600.00
2024-01-07T22:54:07Z,2228.60,123100.00,276000.00
2024-01-07T22:54:09Z,28.00,1268000000.00,1479000000.00
2012-01-01T00:00:00Z,-1.00,0.00,0.00
2012-01-01T00:00:00Z,-1.00,0.00,0.00
2012-01-01T00:00:00Z,-1.00,0.00,0.00
2012-01-01T00:00:00Z,-1.00,0.00,0.00
2012-01-01T00:00:00Z,-1.00,0.00,0.00
2012-01-01T00:00:00Z,-1.00,0.00,0.00
2012-01-01T00:00:00Z,-1.00,0.00,0.00
2012-01-01T00:00:00Z,-1.00,0.00,0.00
2012-01-01T00:00:00Z,-1.00,0.00,0.00
2024-01-07T22:54:18Z,174.30,201.00,1649000.00
2024-01-07T22:54:18Z,-1.00,1.00,0.00
2024-01-07T22:54:18Z,-1.00,1.00,0.00
2024-01-07T22:54:18Z,-1.00,1.00,0.00
2024-01-07T22:54:18Z,-1.00,1.00,0.00
2024-01-07T22:54:18Z,-1.00,1.00,0.00
2024-01-07T22:54:18Z,233.10,201.00,800000.00
2024-01-07T22:54:18Z,-1.00,1.00,0.00
2024-01-07T22:54:18Z,-1.00,1.00,0.00
2024-01-07T22:54:18Z,-1.00,1.00,0.00
2024-01-07T22:54:18Z,-1.00,1.00,0.00
2024-01-07T22:54:18Z,97.10,201.00,1350000.00
2024-01-07T22:54:18Z,-1.00,1.00,0.00
2024-01-07T22:54:18Z,0.00,1.00,0.00
2024-01-07T22:54:18Z,71.20,201.00,1200000.00
2024-01-07T22:54:18Z,-1.00,1.00,0.00
2024-01-07T22:54:18Z,-1.00,1.00,0.00
2024-01-07T22:54:18Z,-1.00,1.00,0.00
2024-01-07T22:54:18Z,-1.00,1.00,0.00
2024-01-07T22:54:18Z,-1.00,1.00,0.00
2024-01-07T22:54:18Z,-1.00,1.00,0.00
2024-01-07T22:54:18Z,0.00,1.00,0.00
2024-01-07T22:54:18Z,86.30,201.00,1500000.00
2024-01-07T22:54:18Z,-1.00,1.00,0.00
2024-01-07T22:54:18Z,-1.00,1.00,0.00
2024-01-07T22:54:18Z,2.10,20020.00,1800000.00
2024-01-07T22:54:18Z,26.80,1.00,0.00
2024-01-07T22:54:18Z,280.50,111.00,999900.00
2024-01-07T22:53:57Z,49.20,25320.00,649700.00
2012-01-01T00:00:00Z,-1.00,0.00,0.00
2024-01-07T22:54:09Z,54.80,201600000.00,253700000.00
2012-01-01T00:00:00Z,-1.00,0.00,0.00
2024-01-07T22:54:09Z,23.30,190500000.00,260000000.00
2012-01-01T00:00:00Z,-1.00,0.00,0.00
2024-01-07T22:54:09Z,23.30,200200000.00,272700000.00
2012-01-01T00:00:00Z,-1.00,0.00,0.00
2024-01-07T22:54:09Z,67.40,186700000.00,247500000.00
2012-01-01T00:00:00Z,-1.00,0.00,0.00
2024-01-07T22:54:09Z,0.00,0.00,0.00
2024-01-07T22:54:09Z,0.00,0.00,0.00
2024-01-07T22:54:09Z,0.00,0.00,0.00
2024-01-07T22:54:09Z,0.00,0.00,0.00
2024-01-07T22:54:18Z,9.60,3900.00,0.00
2024-01-07T22:54:18Z,24.70,690.00,0.00
2024-01-07T22:54:18Z,173.40,850.00,0.00
2024-01-07T22:54:18Z,5.10,45000.00,0.00
2024-01-07T22:54:18Z,10.70,4400.00,0.00
2024-01-07T22:54:18Z,14.50,1800.00,0.00
2024-01-07T22:54:18Z,-1.00,200000.00,0.00
2024-01-07T22:54:18Z,-1.00,0.00,0.00
2024-01-07T22:54:18Z,305.70,590.00,0.00
2024-01-07T22:54:18Z,28.70,3500.00,0.00
2024-01-07T22:54:18Z,6.50,25500.00,0.00
2024-01-07T22:54:18Z,-1.00,0.00,0.00
2024-01-07T22:54:18Z,-1.00,0.00,0.00
2024-01-07T22:54:18Z,-1.00,0.00,0.00
2024-01-07T22:54:18Z,-1.00,0.00,0.00
2024-01-07T22:54:18Z,123676.20,3200.00,3758.00
2024-01-07T22:54:18Z,39896.00,6683.00,15470.00
2024-01-07T22:54:18Z,101703.20,10370.00,20940.00
2024-01-07T22:54:18Z,67041.60,13840.00,19770.00
2024-01-07T22:54:18Z,75719.20,505.30,26790.00
2024-01-07T22:54:18Z,26371.80,15130.00,21000.00
2024-01-07T22:54:18Z,78146.60,25040.00,44740.00
2024-01-07T22:54:18Z,46096.20,40800.00,59160.00
2024-01-07T22:54:18Z,16264.50,12190.00,89850.00
2024-01-07T22:54:18Z,35268.60,2501.00,9000.00
2024-01-07T22:54:18Z,42557.40,6499.00,7898.00
2024-01-07T22:54:18Z,40192.60,3005.00,11800.00
2024-01-07T22:54:18Z,49001.90,8282.00,14800.00
2024-01-07T22:54:18Z,39211.90,0.00,14900.00
2024-01-07T22:54:18Z,52629.50,10220.00,17000.00
2024-01-07T22:54:18Z,38494.90,19250.00,23550.00
2024-01-07T22:54:18Z,8183.00,34660.00,42000.00
2024-01-07T22:54:18Z,10364.00,40010.00,69000.00
2024-01-07T22:54:09Z,0.00,0.00,0.00
2024-01-07T22:54:09Z,0.00,0.00,0.00
2024-01-07T22:54:09Z,0.00,0.00,0.00
2024-01-07T22:54:09Z,0.00,45000.00,0.00
2024-01-07T22:54:09Z,0.00,0.00,0.00
2024-01-07T22:54:09Z,0.00,0.00,0.00
2024-01-07T22:54:19Z,0.00,0.00,0.00
2024-01-07T22:54:19Z,0.00,0.00,0.00
2024-01-07T22:54:19Z,-1.00,0.00,0.00
2012-01-01T00:00:00Z,-1.00,0.00,0.00
2024-01-07T22:54:10Z,32.40,10280000.00,28970000.00
2012-01-01T00:00:00Z,-1.00,0.00,0.00
2012-01-01T00:00:00Z,-1.00,0.00,0.00
2024-01-07T22:54:10Z,50.60,1.00,38030000.00
2012-01-01T00:00:00Z,-1.00,0.00,0.00
2012-01-01T00:00:00Z,-1.00,0.00,0.00
2024-01-07T22:54:10Z,70.00,22500000.00,48520000.00
2012-01-01T00:00:00Z,-1.00,0.00,0.00
2012-01-01T00:00:00Z,-1.00,0.00,0.00
2024-01-07T22:54:10Z,184.60,17460000.00,28290000.00
2012-01-01T00:00:00Z,-1.00,0.00,0.00
2012-01-01T00:00:00Z,-1.00,0.00,0.00
2024-01-07T22:54:10Z,40.80,1.00,51750000.00
2012-01-01T00:00:00Z,-1.00,0.00,0.00
2012-01-01T00:00:00Z,-1.00,0.00,0.00
2024-01-07T22:54:10Z,4.40,0.00,49930000.00
2012-01-01T00:00:00Z,-1.00,0.00,0.00
2012-01-01T00:00:00Z,-1.00,0.00,0.00
2024-01-07T22:54:11Z,539.50,2612000.00,7297000.00
2012-01-01T00:00:00Z,-1.00,0.00,0.00
2012-01-01T00:00:00Z,-1.00,0.00,0.00
2024-01-07T22:54:11Z,200.70,2500000.00,8305000.00
2012-01-01T00:00:00Z,-1.00,0.00,0.00
2012-01-01T00:00:00Z,-1.00,0.00,0.00
2024-01-07T22:54:11Z,1104.80,25000000.00,35010000.00
2012-01-01T00:00:00Z,-1.00,0.00,0.00
2012-01-01T00:00:00Z,-1.00,0.00,0.00
2024-01-07T22:54:11Z,61.80,13110000.00,35020000.00
2012-01-01T00:00:00Z,-1.00,0.00,0.00
2012-01-01T00:00:00Z,-1.00,0.00,0.00
2024-01-07T22:54:11Z,27.30,7500000.00,41740000.00
2012-01-01T00:00:00Z,-1.00,0.00,0.00
2024-01-07T22:54:13Z,0.00,0.00,0.00
2024-01-07T22:54:13Z,0.00,0.00,0.00
2024-01-07T22:54:11Z,15.60,3010000.00,22500000.00
2012-01-01T00:00:00Z,-1.00,0.00,0.00
2024-01-07T22:54:11Z,50.40,1291000.00,19960000.00
2012-01-01T00:00:00Z,-1.00,0.00,0.00
2024-01-07T22:54:11Z,46.90,2250000.00,2251000.00
2012-01-01T00:00:00Z,-1.00,0.00,0.00
2024-01-07T22:54:13Z,0.00,0.00,0.00
2024-01-07T22:54:13Z,0.00,0.00,0.00
2024-01-07T22:53:59Z,29.20,302300.00,1424000.00
2012-01-01T00:00:00Z,-1.00,0.00,0.00
2024-01-07T22:53:59Z,11.90,200300.00,1389000.00
2012-01-01T00:00:00Z,-1.00,0.00,0.00
2024-01-07T22:53:59Z,18.70,300500.00,1301000.00
2012-01-01T00:00:00Z,-1.00,0.00,0.00
2024-01-07T22:53:59Z,21.20,252200.00,1584000.00
2012-01-01T00:00:00Z,-1.00,0.00,0.00
2024-01-07T22:54:13Z,529.00,150300.00,509900.00
2012-01-01T00:00:00Z,-1.00,0.00,0.00
2024-01-07T22:53:59Z,7480.90,27820.00,35850.00
2024-01-07T22:53:59Z,10553.40,5042.00,46460.00
2024-01-07T22:53:59Z,240337.30,13230.00,15860.00
2024-01-07T22:53:59Z,315528.70,19020.00,19200.00
2024-01-07T22:53:59Z,216741.00,15860.00,16570.00
2024-01-07T22:53:59Z,401300.20,21820.00,28120.00
2024-01-07T22:54:18Z,0.00,0.00,0.00
2024-01-07T22:54:18Z,0.00,0.00,0.00
2024-01-07T22:54:12Z,104.80,105100000.00,128900000.00
2024-01-07T22:54:12Z,14.20,205600000.00,343800000.00
2024-01-07T22:54:12Z,6.30,1249000000.00,1547000000.00
2024-01-07T22:54:13Z,2.60,127800000.00,563500000.00
2024-01-07T22:54:19Z,0.00,0.00,0.00
2024-01-07T22:54:18Z,0.00,0.00,0.00
2024-01-07T22:54:19Z,98.90,14250000.00,21950000.00
2012-01-01T00:00:00Z,-1.00,0.00,0.00
2024-01-07T22:54:12Z,25.40,127500000.00,149500000.00
2024-01-07T22:54:12Z,13.30,275000000.00,529900000.00
2024-01-07T22:54:12Z,6.30,1352000000.00,1698000000.00
2012-01-01T00:00:00Z,-1.00,0.00,0.00
2024-01-07T22:54:10Z,153.80,1.00,17920000.00
2012-01-01T00:00:00Z,-1.00,0.00,0.00
2012-01-01T00:00:00Z,-1.00,0.00,0.00
2024-01-07T22:54:10Z,17.30,1.00,54520000.00
2012-01-01T00:00:00Z,-1.00,0.00,0.00
2024-01-07T22:54:18Z,960.20,205000.00,457600.00
2024-01-07T22:54:18Z,253.20,2801000.00,3798000.00
2024-01-07T22:54:18Z,1155.90,859200.00,999700.00
2024-01-07T22:54:18Z,1232.00,920200.00,1238000.00
2024-01-07T22:54:18Z,1156.90,220800.00,377700.00
2024-01-07T22:54:18Z,501.90,154400.00,475000.00
2024-01-07T22:54:18Z,78.90,3240000.00,6240000.00
2024-01-07T22:54:18Z,59.30,3317000.00,7140000.00
2024-01-07T22:54:19Z,16.60,75250000.00,86780000.00
2012-01-01T00:00:00Z,-1.00,0.00,0.00
2012-01-01T00:00:00Z,-1.00,0.00,0.00
2024-01-07T22:54:09Z,0.00,0.00,0.00
2024-01-07T22:54:19Z,-1.00,9000000.00,0.00
2024-01-07T22:54:19Z,-1.00,2000000.00,0.00
2024-01-07T22:54:19Z,-1.00,125000.00,0.00
2024-01-07T22:54:19Z,28.90,72500000.00,89230000.00
2012-01-01T00:00:00Z,-1.00,0.00,0.00
2024-01-07T22:54:24Z,66.50,65000000.00,79100000.00
2012-01-01T00:00:00Z,-1.00,0.00,0.00
2024-01-07T22:54:25Z,88.40,75000000.00,84430000.00
2012-01-01T00:00:00Z,-1.00,0.00,0.00
2024-01-07T22:54:19Z,0.00,0.00,0.00
2024-01-07T22:54:28Z,0.00,0.00,0.00
2024-01-07T22:54:19Z,162.20,13000000.00,19990000.00
2024-01-07T22:54:05Z,10.50,73000000.00,143700000.00
2024-01-07T22:54:05Z,21.70,303500000.00,349000000.00
2024-01-07T22:54:05Z,28.50,190200000.00,348300000.00
2024-01-07T22:54:29Z,25.40,2500000.00,22940000.00
2024-01-07T22:54:29Z,33.10,15250000.00,23350000.00
2024-01-07T22:54:29Z,4.40,8000000.00,12790000.00
2024-01-07T22:54:29Z,47.60,15000000.00,22390000.00
2024-01-07T22:54:29Z,57.90,32500000.00,48950000.00
2024-01-07T22:54:29Z,14.70,20250000.00,53000000.00
2024-01-07T22:54:29Z,28.00,44010000.00,49990000.00
2024-01-07T22:54:29Z,27.80,41540000.00,51920000.00
2012-01-01T00:00:00Z,-1.00,0.00,0.00
2012-01-01T00:00:00Z,-1.00,0.00,0.00
2012-01-01T00:00:00Z,-1.00,0.00,0.00
2012-01-01T00:00:00Z,-1.00,0.00,0.00
2012-01-01T00:00:00Z,-1.00,0.00,0.00
2012-01-01T00:00:00Z,-1.00,0.00,0.00
2012-01-01T00:00:00Z,-1.00,0.00,0.00
2012-01-01T00:00:00Z,-1.00,0.00,0.00
2012-01-01T00:00:00Z,-1.00,0.00,0.00
2012-01-01T00:00:00Z,-1.00,0.00,0.00
2012-01-01T00:00:00Z,-1.00,0.00,0.00
2012-01-01T00:00:00Z,-1.00,0.00,0.00
2012-01-01T00:00:00Z,-1.00,0.00,0.00
2024-01-07T22:54:29Z,28.00,32860000.00,63930000.00
2024-01-07T22:54:29Z,53.90,200000000.00,279700000.00
2024-01-07T22:54:29Z,22.20,28820000.00,49700000.00
2024-01-07T22:54:29Z,45.70,170000000.00,209500000.00
2024-01-07T22:54:11Z,98.20,12970000.00,27300000.00
2024-01-07T22:54:06Z,1035.50,7800000.00,15420000.00
2024-01-07T22:54:06Z,138.80,878900.00,13870000.00
2024-01-07T22:54:11Z,227.70,23850000.00,45390000.00
2024-01-07T22:54:11Z,100.10,13160000.00,55480000.00
2024-01-07T22:54:11Z,80.00,16500000.00,38280000.00
2024-01-07T22:54:11Z,45.50,5025000.00,0.00
2024-01-07T22:54:02Z,6.80,20000000.00,32190000.00
2024-01-07T22:54:02Z,0.50,60010000.00,95490000.00
2012-01-01T00:00:00Z,-1.00,0.00,0.00
2012-01-01T00:00:00Z,-1.00,0.00,0.00
2012-01-01T00:00:00Z,-1.00,0.00,0.00
2012-01-01T00:00:00Z,-1.00,0.00,0.00
2012-01-01T00:00:00Z,-1.00,0.00,0.00
2012-01-01T00:00:00Z,-1.00,0.00,0.00
2012-01-01T00:00:00Z,-1.00,0.00,0.00
2012-01-01T00:00:00Z,-1.00,0.00,0.00
2012-01-01T00:00:00Z,-1.00,0.00,0.00
2012-01-01T00:00:00Z,-1.00,0.00,0.00
2012-01-01T00:00:00Z,-1.00,0.00,0.00
2012-01-01T00:00:00Z,-1.00,0.00,0.00
2012-01-01T00:00:00Z,-1.00,0.00,0.00
2012-01-01T00:00:00Z,-1.00,0.00,0.00
2012-01-01T00:00:00Z,-1.00,0.00,0.00
2012-01-01T00:00:00Z,-1.00,0.00,0.00
2024-01-07T22:54:34Z,0.00,11010000.00,0.00
2012-01-01T00:00:00Z,-1.00,0.00,0.00
2012-01-01T00:00:00Z,-1.00,0.00,0.00
2024-01-07T22:54:19Z,-1.00,7501000.00,0.00
2012-01-01T00:00:00Z,-1.00,0.00,0.00
2024-01-07T22:54:31Z,0.00,4841000.00,0.00
2024-01-07T22:54:34Z,0.00,11010000.00,0.00
2024-01-07T22:54:30Z,66.70,119200000.00,141500000.00
2024-01-07T22:54:13Z,0.00,0.00,0.00
2024-01-07T22:54:18Z,0.00,0.00,0.00
2024-01-07T22:54:31Z,53.70,11750000.00,16980000.00
2024-01-07T22:54:18Z,13.10,2786000.00,306300000.00
2024-01-07T22:54:18Z,4.20,300300000.00,519700000.00
2024-01-07T22:54:13Z,3.00,2678000000.00,9999000000.00
2024-01-07T22:54:18Z,0.00,0.00,0.00
2024-01-07T22:54:18Z,0.00,0.00,0.00
2024-01-07T22:54:32Z,4.20,210000000.00,576000000.00
2024-01-07T22:54:31Z,0.00,4840000.00,0.00
2024-01-07T22:54:34Z,0.00,11010000.00,0.00
2012-01-01T00:00:00Z,-1.00,0.00,0.00
2024-01-07T22:54:09Z,0.00,0.00,0.00
2024-01-07T22:54:09Z,0.00,0.00,0.00
2024-01-07T22:54:09Z,0.00,0.00,0.00
2024-01-07T22:54:09Z,0.00,0.00,0.00
2024-01-07T22:54:18Z,6.30,25200.00,0.00
2024-01-07T22:54:18Z,11.40,2200.00,0.00
2024-01-07T22:54:18Z,4.70,3800.00,0.00
2024-01-07T22:54:18Z,10.50,36000.00,0.00
2024-01-07T22:54:32Z,9.80,12750000.00,18690000.00
2024-01-07T22:54:32Z,56.70,72600000.00,92930000.00
2024-01-07T22:54:32Z,31.50,555000000.00,656900000.00
2024-01-07T22:54:13Z,136.70,193000000.00,259900000.00
2012-01-01T00:00:00Z,-1.00,0.00,0.00
2012-01-01T00:00:00Z,-1.00,0.00,0.00
2024-01-07T22:54:32Z,53348.40,60100.00,84980.00
2024-01-07T22:54:32Z,70276.50,59000.00,62860.00
2024-01-07T22:54:18Z,0.00,0.00,0.00
2024-01-07T22:54:18Z,0.00,0.00,0.00
2024-01-07T22:54:33Z,187.10,28000000.00,33600000.00
2024-01-07T22:54:33Z,28.70,145100000.00,200000000.00
2024-01-07T22:54:32Z,3.30,25000000.00,63520000.00
2024-01-07T22:54:33Z,1.40,52500000.00,488600000.00
2012-01-01T00:00:00Z,-1.00,0.00,0.00
2012-01-01T00:00:00Z,-1.00,0.00,0.00
2012-01-01T00:00:00Z,-1.00,0.00,0.00
2024-01-07T22:54:33Z,13.50,47890000.00,203700000.00
2012-01-01T00:00:00Z,-1.00,0.00,0.00
2024-01-07T22:54:33Z,10.00,510000000.00,534600000.00
2012-01-01T00:00:00Z,-1.00,0.00,0.00
2024-01-07T22:54:33Z,5.40,282700000.00,364200000.00
2012-01-01T00:00:00Z,-1.00,0.00,0.00
2024-01-07T22:54:18Z,147.00,30000.00,64400.00
2024-01-07T22:54:33Z,0.70,15000.00,133400.00
2024-01-07T22:54:33Z,-1.00,15000.00,87390.00
2024-01-07T22:54:33Z,-1.00,150000.00,294200.00
2024-01-07T22:54:33Z,-1.00,14000.00,30000.00
2024-01-07T22:54:33Z,-1.00,20000.00,51840.00
2024-01-07T22:54:13Z,417.70,7064000.00,8003000.00
2024-01-07T22:54:33Z,3.50,4692000000.00,7446000000.00
2024-01-07T22:54:33Z,0.50,0.00,90000000.00
2024-01-07T22:54:33Z,0.00,0.00,60000000.00
2024-01-07T22:54:33Z,0.70,0.00,0.00
2024-01-07T22:54:33Z,21.90,0.00,790000.00
2024-01-07T22:54:33Z,8.20,200000.00,500000.00
2024-01-07T22:54:33Z,20.30,40000.00,0.00
2024-01-07T22:54:34Z,1.40,17890000.00,159000000.00
2024-01-07T22:54:34Z,51.30,152500000.00,491500000.00
2024-01-07T22:54:34Z,15.90,1023000000.00,1422000000.00
2024-01-07T22:54:18Z,4.40,14320.00,0.00
2024-01-07T22:54:18Z,-1.00,6004.00,10800.00
2024-01-07T22:54:18Z,4.90,6013.00,0.00
2024-01-07T22:54:33Z,5.60,4100000.00,44430000.00
2024-01-07T22:54:33Z,26.40,181000000.00,320000000.00
2024-01-07T22:54:33Z,5.60,30140000.00,37090000.00
2024-01-07T22:54:33Z,459.00,480300.00,912000.00
2024-01-07T22:54:33Z,204.90,855100.00,1100000.00
2024-01-07T22:54:33Z,171.30,1100000.00,1300000.00
2024-01-07T22:54:33Z,175.70,990000.00,1298000.00
2024-01-07T22:54:33Z,12.80,50070000.00,73780000.00
2024-01-07T22:54:33Z,12.40,119000000.00,228300000.00
2024-01-07T22:54:33Z,3.50,17020000.00,19000000.00
2024-01-07T22:54:33Z,121.60,975000.00,2000000.00
2024-01-07T22:53:59Z,340914.50,900.20,2730.00
2024-01-07T22:53:59Z,519.20,80370.00,869600.00
2024-01-07T22:53:59Z,47247.40,1013.00,34000.00
2024-01-07T22:53:59Z,343225.20,10000.00,11420.00
2024-01-07T22:53:59Z,1858575.10,10000.00,11990.00
2024-01-07T22:54:33Z,39.90,10090000.00,32980000.00
2024-01-07T22:54:33Z,1026.00,27000.00,646600.00
2024-01-07T22:54:33Z,506.10,301300.00,882200.00
2024-01-07T22:54:33Z,495.40,400300.00,1090000.00
2024-01-07T22:54:33Z,172.90,100300.00,641200.00
2024-01-07T22:54:33Z,39.40,20000.00,994900.00
2024-01-07T22:54:33Z,39.40,20000.00,995000.00
2024-01-07T22:54:33Z,41.10,0.00,800000.00
2024-01-07T22:54:33Z,54.60,130000.00,450000.00
2024-01-07T22:54:33Z,48.10,156000.00,0.00
2024-01-07T22:54:33Z,23.30,250300.00,974700.00
2024-01-07T22:54:33Z,66.70,120300.00,999000.00
2024-01-07T22:54:06Z,120.90,19030000.00,25090000.00
2024-01-07T22:54:06Z,151.00,25230000.00,32000000.00
2024-01-07T22:54:19Z,149.80,35140000.00,39000000.00
2024-01-07T22:54:19Z,128.60,18070000.00,25420000.00
2024-01-07T22:54:18Z,12.60,1.00,159300000.00
2024-01-07T22:54:18Z,10.00,170700.00,159900000.00
2024-01-07T22:54:18Z,4.00,1.00,159600000.00
2024-01-07T22:54:18Z,3.30,2.00,144200000.00
2024-01-07T22:54:33Z,36683.50,52630.00,100300.00
2024-01-07T22:54:33Z,367.70,6050000.00,14900000.00
2024-01-07T22:54:33Z,0.20,50010.00,174000000.00
2024-01-07T22:54:33Z,3.30,100.00,2900000.00
2024-01-07T22:54:33Z,13.30,10050000.00,67650000.00
2024-01-07T22:54:33Z,3.30,5305000.00,180000000.00
2024-01-07T22:54:33Z,2.30,100.00,3500000.00
2024-01-07T22:54:33Z,2.30,100.00,2800000.00
2024-01-07T22:54:33Z,22487.70,31820.00,124000.00
2024-01-07T22:54:06Z,13.50,60650000.00,669800000.00
2024-01-07T22:54:06Z,4.70,2003000.00,1430000000.00
2024-01-07T22:54:06Z,-1.00,16190000.00,0.00
2024-01-07T22:54:34Z,426.50,152.00,34180.00
2024-01-07T22:54:06Z,4.20,14210000.00,49960000.00
2024-01-07T22:54:06Z,6.50,40920000.00,107700000.00
2024-01-07T22:54:34Z,305.20,663900.00,978500.00
2024-01-07T22:54:33Z,-1.00,225000.00,125000000.00
2024-01-07T22:54:34Z,737.10,111000000.00,120000000.00
2024-01-07T22:54:34Z,28.70,1011000.00,6000000.00
2024-01-07T22:54:34Z,61.40,6918000.00,9217000.00
2012-01-01T00:00:00Z,-1.00,0.00,0.00
2012-01-01T00:00:00Z,-1.00,0.00,0.00
2024-01-07T22:54:28Z,0.00,0.00,0.00
2024-01-07T22:54:34Z,0.00,0.00,0.00
2024-01-07T22:54:06Z,0.00,0.00,0.00
2024-01-07T22:54:06Z,20.80,10030000.00,22410000.00
2024-01-07T22:54:06Z,44.80,20000000.00,53920000.00
2024-01-07T22:54:34Z,55.10,10000000.00,14900000.00
2024-01-07T22:54:34Z,9.10,11110000.00,68820000.00
2024-01-07T22:54:34Z,8.90,10540000.00,24900000.00
2024-01-07T22:54:34Z,0.20,100000000.00,141700000.00
2024-01-07T22:54:34Z,7.50,27650000.00,66760000.00
2024-01-07T22:54:34Z,4.90,25580000.00,89910000.00
2024-01-07T22:54:34Z,6.10,40240000.00,127200000.00
2024-01-07T22:54:34Z,23.80,28060000.00,69840000.00
2024-01-07T22:54:34Z,18.40,83520000.00,127500000.00
2024-01-07T22:54:34Z,1.60,128600000.00,230200000.00
2024-01-07T22:54:34Z,10.70,101200000.00,209800000.00
2024-01-07T22:54:34Z,20.50,125600000.00,233600000.00
2024-01-07T22:54:13Z,11.40,614300000.00,1389000000.00
2024-01-07T22:54:34Z,466.70,0.00,16000.00
2024-01-07T22:54:13Z,-1.00,1.00,150000000.00
