2024-01-07T22:56:55Z,33865492547.40,3.99,4.15
2024-01-07T22:56:54Z,16840912218.90,9.99,10.00
2024-01-07T22:56:54Z,3686705590.20,52.08,53.99
2024-01-07T22:56:54Z,1427934638.70,456.50,475.00
2024-01-07T22:56:55Z,268026087.00,1176.00,1194.00
2024-01-07T22:56:55Z,141970887.80,1788.00,1836.00
2024-01-07T22:56:55Z,70035616.20,5407.00,5592.00
2024-01-07T22:56:22Z,2742824.90,11110.00,11490.00
2024-01-07T22:54:55Z,4317.10,45130.00,59480.00
2024-01-07T22:55:12Z,6186.60,1933000.00,2234000.00
2024-01-07T22:55:12Z,6807.50,7811.00,19690.00
2024-01-07T22:54:55Z,3423.20,3249000.00,3708000.00
2024-01-07T22:57:03Z,9672.10,119500.00,144800.00
2024-01-07T22:57:03Z,18829.30,1589000.00,1726000.00
2024-01-07T22:55:16Z,1345.90,25570.00,41990.00
2024-01-07T22:55:18Z,434.00,99960.00,266800.00
2024-01-07T22:55:16Z,189.50,103000.00,274000.00
2024-01-07T22:55:18Z,119.90,1524000.00,2550000.00
2024-01-07T22:55:19Z,3708.40,1606.00,4342.00
2024-01-07T22:55:19Z,3558.60,15510.00,39690.00
2024-01-07T22:55:20Z,7252.90,29030.00,31980.00
2024-01-07T22:55:19Z,895.50,95020.00,107800.00
2024-01-07T22:55:19Z,1060.00,112000.00,700000.00
2024-01-07T22:55:20Z,659.90,121000.00,217000.00
2024-01-07T22:55:20Z,352.30,1350000.00,2250000.00
2024-01-07T22:55:21Z,267.90,2111000.00,3389000.00
2024-01-07T22:55:35Z,8249.30,7509.00,14960.00
2024-01-07T22:55:36Z,2084.10,108.40,47790.00
2024-01-07T22:55:37Z,943.60,156200.00,256900.00
2024-01-07T22:55:38Z,19286.20,1078000.00,1193000.00
2024-01-07T22:55:38Z,3284.40,25930.00,38000.00
2024-01-07T22:55:45Z,5542.80,35350.00,43970.00
2024-01-07T22:55:45Z,12389.80,1091000.00,1189000.00
2024-01-07T22:55:46Z,586.60,37530.00,63300.00
2024-01-07T22:55:13Z,7750.40,10040.00,17990.00
2024-01-07T22:55:13Z,12844.50,23180.00,40450.00
2024-01-07T22:55:14Z,2851.30,12000.00,23500.00
2024-01-07T22:55:14Z,1290.60,195100.00,699500.00
2024-01-07T22:55:14Z,718.90,1069.00,175900.00
2024-01-07T22:55:15Z,974.60,250000.00,369900.00
2024-01-07T22:55:14Z,206.00,1995000.00,2888000.00
2024-01-07T22:55:15Z,419.80,1917000.00,3097000.00
2024-01-07T22:56:47Z,9508.80,107400.00,119000.00
2024-01-07T22:54:53Z,1582.90,134300.00,218400.00
2024-01-07T22:54:53Z,1492.20,495500.00,596000.00
2024-01-07T22:54:53Z,834.60,231000.00,410400.00
2024-01-07T22:54:53Z,1075.40,540000.00,620000.00
2024-01-07T22:54:53Z,762.80,599200.00,746700.00
2024-01-07T22:54:53Z,1545.40,413100.00,465000.00
2024-01-07T22:54:53Z,616.70,417200.00,899800.00
2024-01-07T22:54:53Z,285.80,416900.00,559500.00
2024-01-07T22:54:53Z,341.40,243400.00,270600.00
2024-01-07T22:54:54Z,493.70,125000.00,220000.00
2024-01-07T22:54:54Z,1661.80,550900.00,616900.00
2024-01-07T22:54:54Z,1283.10,203700.00,389200.00
2024-01-07T22:54:53Z,1821.60,507600.00,647000.00
2024-01-07T22:54:53Z,393.20,465200.00,574900.00
2024-01-07T22:54:53Z,236.40,163200.00,249800.00
2024-01-07T22:54:53Z,1557.00,483600.00,617300.00
2024-01-07T22:54:53Z,4530.40,165500.00,198400.00
2024-01-07T22:54:53Z,4528.80,626400.00,719800.00
2024-01-07T22:54:54Z,894.40,514200.00,644400.00
2024-01-07T22:54:54Z,1035.50,547900.00,599600.00
2024-01-07T22:54:54Z,553.50,389300.00,442400.00
2024-01-07T22:54:53Z,728.90,9993000.00,11060000.00
2024-01-07T22:54:54Z,1757.00,13230000.00,14620000.00
2024-01-07T22:54:53Z,481.60,12730000.00,14050000.00
2024-01-07T22:54:54Z,419.10,12050000.00,13970000.00
2024-01-07T22:54:53Z,253.90,12100000.00,13670000.00
2024-01-07T22:54:53Z,300.50,9254000.00,11250000.00
2024-01-07T22:54:54Z,1157.30,12680000.00,14000000.00
2024-01-07T22:54:54Z,473.40,11550000.00,13760000.00
2024-01-07T22:54:53Z,216.50,8223000.00,11000000.00
2024-01-07T22:54:53Z,257.80,10790000.00,12000000.00
2024-01-07T22:54:53Z,109.40,11750000.00,14000000.00
2024-01-07T22:54:53Z,278.40,9084000.00,10820000.00
2024-01-07T22:54:54Z,207.90,9169000.00,10850000.00
2024-01-07T22:54:54Z,124.80,9508000.00,10990000.00
2024-01-07T22:54:54Z,408.10,10010000.00,11190000.00
2024-01-07T22:54:54Z,242.00,338500000.00,364400000.00
2024-01-07T22:54:54Z,136.00,344800000.00,375000000.00
2024-01-07T22:54:54Z,105.90,265600000.00,286400000.00
2024-01-07T22:54:54Z,155.60,337900000.00,357900000.00
2024-01-07T22:54:54Z,74.00,295500000.00,322900000.00
2024-01-07T22:54:54Z,82.10,342400000.00,370000000.00
2024-01-07T22:54:54Z,118.50,361100000.00,373100000.00
2024-01-07T22:54:54Z,164.00,320100000.00,347900000.00
2024-01-07T22:54:54Z,1105.50,711300.00,860800.00
2024-01-07T22:54:54Z,693.20,2910000.00,3419000.00
2024-01-07T22:54:54Z,420.00,2120000.00,2697000.00
2024-01-07T22:54:54Z,134.40,2672000.00,3101000.00
2024-01-07T22:54:54Z,183.90,2804000.00,3635000.00
2024-01-07T22:54:54Z,278.40,1709000.00,2220000.00
2024-01-07T22:54:54Z,239.40,2805000.00,3336000.00
2024-01-07T22:54:54Z,829.70,2620000.00,3449000.00
2024-01-07T22:54:54Z,417.90,2707000.00,3292000.00
2024-01-07T22:54:54Z,487.20,2895000.00,3396000.00
2012-01-01T00:00:00Z,-1.00,0.00,0.00
2012-01-01T00:00:00Z,-1.00,0.00,0.00
2012-01-01T00:00:00Z,-1.00,0.00,0.00
2012-01-01T00:00:00Z,-1.00,0.00,0.00
2012-01-01T00:00:00Z,-1.00,0.00,0.00
2012-01-01T00:00:00Z,-1.00,0.00,0.00
2012-01-01T00:00:00Z,-1.00,0.00,0.00
2012-01-01T00:00:00Z,-1.00,0.00,0.00
2012-01-01T00:00:00Z,-1.00,0.00,0.00
2012-01-01T00:00:00Z,-1.00,0.00,0.00
2012-01-01T00:00:00Z,-1.00,0.00,0.00
2012-01-01T00:00:00Z,-1.00,0.00,0.00
2012-01-01T00:00:00Z,-1.00,0.00,0.00
2012-01-01T00:00:00Z,-1.00,0.00,0.00
2012-01-01T00:00:00Z,-1.00,0.00,0.00
2012-01-01T00:00:00Z,-1.00,0.00,0.00
2012-01-01T00:00:00Z,-1.00,0.00,0.00
2012-01-01T00:00:00Z,-1.00,0.00,0.00
2012-01-01T00:00:00Z,-1.00,0.00,0.00
2012-01-01T00:00:00Z,-1.00,0.00,0.00
2012-01-01T00:00:00Z,-1.00,0.00,0.00
2012-01-01T00:00:00Z,-1.00,0.00,0.00
2012-01-01T00:00:00Z,-1.00,0.00,0.00
2012-01-01T00:00:00Z,-1.00,0.00,0.00
2012-01-01T00:00:00Z,-1.00,0.00,0.00
2012-01-01T00:00:00Z,-1.00,0.00,0.00
2012-01-01T00:00:00Z,-1.00,0.00,0.00
2012-01-01T00:00:00Z,-1.00,0.00,0.00
2012-01-01T00:00:00Z,-1.00,0.00,0.00
2012-01-01T00:00:00Z,-1.00,0.00,0.00
2012-01-01T00:00:00Z,-1.00,0.00,0.00
2012-01-01T00:00:00Z,-1.00,0.00,0.00
2012-01-01T00:00:00Z,-1.00,0.00,0.00
2012-01-01T00:00:00Z,-1.00,0.00,0.00
2012-01-01T00:00:00Z,-1.00,0.00,0.00
2012-01-01T00:00:00Z,-1.00,0.00,0.00
2012-01-01T00:00:00Z,-1.00,0.00,0.00
2012-01-01T00:00:00Z,-1.00,0.00,0.00
2012-01-01T00:00:00Z,-1.00,0.00,0.00
2012-01-01T00:00:00Z,-1.00,0.00,0.00
2012-01-01T00:00:00Z,-1.00,0.00,0.00
2012-01-01T00:00:00Z,-1.00,0.00,0.00
2012-01-01T00:00:00Z,-1.00,0.00,0.00
2012-01-01T00:00:00Z,-1.00,0.00,0.00
2012-01-01T00:00:00Z,-1.00,0.00,0.00
2012-01-01T00:00:00Z,-1.00,0.00,0.00
2012-01-01T00:00:00Z,-1.00,0.00,0.00
2012-01-01T00:00:00Z,-1.00,0.00,0.00
2012-01-01T00:00:00Z,-1.00,0.00,0.00
2012-01-01T00:00:00Z,-1.00,0.00,0.00
2012-01-01T00:00:00Z,-1.00,0.00,0.00
2012-01-01T00:00:00Z,-1.00,0.00,0.00
2012-01-01T00:00:00Z,-1.00,0.00,0.00
2012-01-01T00:00:00Z,-1.00,0.00,0.00
2012-01-01T00:00:00Z,-1.00,0.00,0.00
2012-01-01T00:00:00Z,-1.00,0.00,0.00
2012-01-01T00:00:00Z,-1.00,0.00,0.00
2012-01-01T00:00:00Z,-1.00,0.00,0.00
2012-01-01T00:00:00Z,-1.00,0.00,0.00
2012-01-01T00:00:00Z,-1.00,0.00,0.00
2012-01-01T00:00:00Z,-1.00,0.00,0.00
2012-01-01T00:00:00Z,-1.00,0.00,0.00
2012-01-01T00:00:00Z,-1.00,0.00,0.00
2012-01-01T00:00:00Z,-1.00,0.00,0.00
2012-01-01T00:00:00Z,-1.00,0.00,0.00
2012-01-01T00:00:00Z,-1.00,0.00,0.00
2012-01-01T00:00:00Z,-1.00,0.00,0.00
2012-01-01T00:00:00Z,-1.00,0.00,0.00
2012-01-01T00:00:00Z,-1.00,0.00,0.00
2012-01-01T00:00:00Z,-1.00,0.00,0.00
2012-01-01T00:00:00Z,-1.00,0.00,0.00
2012-01-01T00:00:00Z,-1.00,0.00,0.00
2012-01-01T00:00:00Z,-1.00,0.00,0.00
2012-01-01T00:00:00Z,-1.00,0.00,0.00
2012-01-01T00:00:00Z,-1.00,0.00,0.00
2012-01-01T00:00:00Z,-1.00,0.00,0.00
2012-01-01T00:00:00Z,-1.00,0.00,0.00
2012-01-01T00:00:00Z,-1.00,0.00,0.00
2012-01-01T00:00:00Z,-1.00,0.00,0.00
2012-01-01T00:00:00Z,-1.00,0.00,0.00
2012-01-01T00:00:00Z,-1.00,0.00,0.00
2012-01-01T00:00:00Z,-1.00,0.00,0.00
2012-01-01T00:00:00Z,-1.00,0.00,0.00
2012-01-01T00:00:00Z,-1.00,0.00,0.00
2012-01-01T00:00:00Z,-1.00,0.00,0.00
2024-01-07T22:55:40Z,1979.80,46180.00,68200.00
2012-01-01T00:00:00Z,-1.00,0.00,0.00
2024-01-07T22:55:54Z,17854.40,95890.00,119900.00
2012-01-01T00:00:00Z,-1.00,0.00,0.00
2024-01-07T22:56:11Z,8707.50,661300.00,814500.00
2012-01-01T00:00:00Z,-1.00,0.00,0.00
2024-01-07T22:56:11Z,2184.50,21020.00,48460.00
2012-01-01T00:00:00Z,-1.00,0.00,0.00
2024-01-07T22:56:13Z,8442.50,4002.00,4003.00
2012-01-01T00:00:00Z,-1.00,0.00,0.00
2024-01-07T22:56:13Z,28443.30,402000.00,440900.00
2012-01-01T00:00:00Z,-1.00,0.00,0.00
2024-01-07T22:56:11Z,10299.80,15220.00,23460.00
2012-01-01T00:00:00Z,-1.00,0.00,0.00
2024-01-07T22:56:11Z,52722.80,398000.00,424000.00
2012-01-01T00:00:00Z,-1.00,0.00,0.00
2024-01-07T22:55:43Z,1155.20,16020.00,24390.00
2012-01-01T00:00:00Z,-1.00,0.00,0.00
2024-01-07T22:55:43Z,8898.90,511600.00,574000.00
2012-01-01T00:00:00Z,-1.00,0.00,0.00
2024-01-07T22:55:39Z,1456.00,11070.00,27000.00
2012-01-01T00:00:00Z,-1.00,0.00,0.00
2024-01-07T22:55:39Z,7336.90,727100.00,885200.00
2012-01-01T00:00:00Z,-1.00,0.00,0.00
2024-01-07T22:56:46Z,1790.80,23580.00,39990.00
2012-01-01T00:00:00Z,-1.00,0.00,0.00
2024-01-07T22:55:35Z,4176.20,16940.00,50000.00
2012-01-01T00:00:00Z,-1.00,0.00,0.00
2024-01-07T22:55:35Z,15337.20,910700.00,1008000.00
2012-01-01T00:00:00Z,-1.00,0.00,0.00
2024-01-07T22:54:54Z,201.40,2004000.00,3427000.00
2012-01-01T00:00:00Z,-1.00,0.00,0.00
2024-01-07T22:55:44Z,10397.10,1065000.00,1170000.00
2024-01-07T22:55:44Z,3017.70,1123.00,33900.00
2024-01-07T22:55:49Z,1248.80,251.30,14900.00
2024-01-07T22:55:49Z,8241.30,1350000.00,1570000.00
2024-01-07T22:55:49Z,2100.00,3078.00,32000.00
2024-01-07T22:55:49Z,6293.70,948900.00,1060000.00
2024-01-07T22:54:53Z,257.40,11850000.00,13770000.00
2012-01-01T00:00:00Z,-1.00,0.00,0.00
2024-01-07T22:55:49Z,3914.60,120000.00,196000.00
2012-01-01T00:00:00Z,-1.00,0.00,0.00
2024-01-07T22:55:40Z,11800.40,631100.00,723300.00
2012-01-01T00:00:00Z,-1.00,0.00,0.00
2024-01-07T22:55:25Z,34204.80,6822.00,9300.00
2012-01-01T00:00:00Z,-1.00,0.00,0.00
2024-01-07T22:55:25Z,82466.80,422000.00,443600.00
2012-01-01T00:00:00Z,-1.00,0.00,0.00
2024-01-07T22:54:53Z,455.00,236000.00,380000.00
2012-01-01T00:00:00Z,-1.00,0.00,0.00
2024-01-07T22:55:53Z,18597.10,35320.00,39000.00
2012-01-01T00:00:00Z,-1.00,0.00,0.00
2024-01-07T22:55:53Z,23199.20,898500.00,986400.00
2012-01-01T00:00:00Z,-1.00,0.00,0.00
2024-01-07T22:55:53Z,26281.70,30450.00,30460.00
2012-01-01T00:00:00Z,-1.00,0.00,0.00
2024-01-07T22:55:53Z,27325.90,1012000.00,1053000.00
2012-01-01T00:00:00Z,-1.00,0.00,0.00
2024-01-07T22:55:54Z,12688.70,101400.00,118900.00
2012-01-01T00:00:00Z,-1.00,0.00,0.00
2024-01-07T22:55:54Z,11024.30,1811000.00,1918000.00
2012-01-01T00:00:00Z,-1.00,0.00,0.00
2024-01-07T22:55:53Z,51713.70,4219.00,5494.00
2012-01-01T00:00:00Z,-1.00,0.00,0.00
2024-01-07T22:55:53Z,53806.40,389900.00,414000.00
2012-01-01T00:00:00Z,-1.00,0.00,0.00
2024-01-07T22:56:48Z,36361.70,2250000.00,2397000.00
2012-01-01T00:00:00Z,-1.00,0.00,0.00
2024-01-07T22:56:47Z,1430.30,52480.00,91800.00
2012-01-01T00:00:00Z,-1.00,0.00,0.00
2024-01-07T22:56:47Z,3861.40,1662000.00,1838000.00
2012-01-01T00:00:00Z,-1.00,0.00,0.00
2024-01-07T22:56:22Z,2147209.20,14980.00,15610.00
2024-01-07T22:56:22Z,2785706.50,11800.00,12260.00
2024-01-07T22:56:22Z,1431436.10,9280.00,10260.00
2024-01-07T22:56:22Z,2248351.50,11960.00,12500.00
2024-01-07T22:56:23Z,942015.00,110200.00,125100.00
2024-01-07T22:56:23Z,892165.90,147100.00,157100.00
2024-01-07T22:56:23Z,111200.80,99920.00,103300.00
2024-01-07T22:56:23Z,182609.00,98790.00,119000.00
2024-01-07T22:55:38Z,2603.30,16100.00,52370.00
2024-01-07T22:55:38Z,13476.60,1070000.00,1243000.00
2024-01-07T22:56:22Z,22951924.30,741.50,781.00
2024-01-07T22:55:35Z,16231.40,916100.00,1056000.00
2012-01-01T00:00:00Z,-1.00,0.00,0.00
2024-01-07T22:55:36Z,13006.20,1291000.00,1441000.00
2012-01-01T00:00:00Z,-1.00,0.00,0.00
2024-01-07T22:55:37Z,5741.60,5182000.00,5384000.00
2012-01-01T00:00:00Z,-1.00,0.00,0.00
2024-01-07T22:55:54Z,9055.40,1814000.00,1913000.00
2012-01-01T00:00:00Z,-1.00,0.00,0.00
2024-01-07T22:55:54Z,11821.40,43840.00,51940.00
2012-01-01T00:00:00Z,-1.00,0.00,0.00
2024-01-07T22:55:54Z,9379.50,1743000.00,1843000.00
2012-01-01T00:00:00Z,-1.00,0.00,0.00
2024-01-07T22:55:53Z,100790.20,4673.00,6076.00
2012-01-01T00:00:00Z,-1.00,0.00,0.00
2024-01-07T22:55:53Z,65166.50,401000.00,421400.00
2012-01-01T00:00:00Z,-1.00,0.00,0.00
2024-01-07T22:56:22Z,3112720.80,9907.00,10800.00
2024-01-07T22:55:53Z,45848.80,5721.00,7389.00
2012-01-01T00:00:00Z,-1.00,0.00,0.00
2024-01-07T22:55:53Z,29371.30,404400.00,408800.00
2012-01-01T00:00:00Z,-1.00,0.00,0.00
2024-01-07T22:55:54Z,9413.40,47390.00,50400.00
2012-01-01T00:00:00Z,-1.00,0.00,0.00
2024-01-07T22:55:54Z,9620.80,1717000.00,1880000.00
2012-01-01T00:00:00Z,-1.00,0.00,0.00
2024-01-07T22:55:53Z,58484.30,8023.00,9897.00
2012-01-01T00:00:00Z,-1.00,0.00,0.00
2024-01-07T22:55:53Z,153358.60,360200.00,436000.00
2012-01-01T00:00:00Z,-1.00,0.00,0.00
2024-01-07T22:56:46Z,5369.50,851000.00,978300.00
2012-01-01T00:00:00Z,-1.00,0.00,0.00
2024-01-07T22:56:13Z,12195.20,5132.00,14450.00
2012-01-01T00:00:00Z,-1.00,0.00,0.00
2024-01-07T22:56:13Z,33172.10,252000.00,301200.00
2012-01-01T00:00:00Z,-1.00,0.00,0.00
2024-01-07T22:56:31Z,0.00,15600000.00,0.00
2024-01-07T22:56:31Z,0.00,0.00,0.00
2024-01-07T22:56:23Z,36249.70,1755000.00,1910000.00
2024-01-07T22:56:23Z,31349.00,2233000.00,2439000.00
2024-01-07T22:56:23Z,36987.30,1047000.00,1096000.00
2024-01-07T22:56:23Z,41637.40,1178000.00,1241000.00
2024-01-07T22:56:23Z,17388.70,1620000.00,1705000.00
2024-01-07T22:56:23Z,42067.70,1907000.00,1950000.00
2024-01-07T22:55:19Z,8292.90,453900.00,564000.00
2012-01-01T00:00:00Z,-1.00,0.00,0.00
2024-01-07T22:56:23Z,30317.70,1311000.00,1347000.00
2024-01-07T22:56:23Z,41897.10,2136000.00,2234000.00
2024-01-07T22:55:19Z,11727.30,682600.00,792400.00
2012-01-01T00:00:00Z,-1.00,0.00,0.00
2024-01-07T22:55:19Z,4442.00,1605000.00,1694000.00
2012-01-01T00:00:00Z,-1.00,0.00,0.00
2024-01-07T22:55:19Z,7756.70,1706000.00,1983000.00
2012-01-01T00:00:00Z,-1.00,0.00,0.00
2024-01-07T22:55:20Z,4854.70,4914000.00,5745000.00
2024-01-07T22:55:21Z,3224.90,7079000.00,7852000.00
2012-01-01T00:00:00Z,-1.00,0.00,0.00
2024-01-07T22:55:20Z,5559.40,2079000.00,2581000.00
2012-01-01T00:00:00Z,-1.00,0.00,0.00
2024-01-07T22:55:20Z,6862.10,828300.00,945600.00
2012-01-01T00:00:00Z,-1.00,0.00,0.00
2024-01-07T22:56:24Z,195.10,133100000.00,145000000.00
2024-01-07T22:55:16Z,3298.60,2048000.00,2345000.00
2012-01-01T00:00:00Z,-1.00,0.00,0.00
2024-01-07T22:55:16Z,8498.00,902500.00,1682000.00
2012-01-01T00:00:00Z,-1.00,0.00,0.00
2024-01-07T22:55:18Z,4888.30,5920000.00,6400000.00
2012-01-01T00:00:00Z,-1.00,0.00,0.00
2024-01-07T22:55:14Z,6644.60,770700.00,990200.00
2012-01-01T00:00:00Z,-1.00,0.00,0.00
2024-01-07T22:55:15Z,7521.50,2370000.00,2620000.00
2012-01-01T00:00:00Z,-1.00,0.00,0.00
2024-01-07T22:55:15Z,2490.80,6461000.00,7800000.00
2012-01-01T00:00:00Z,-1.00,0.00,0.00
2024-01-07T22:55:14Z,4069.60,1790000.00,1987000.00
2012-01-01T00:00:00Z,-1.00,0.00,0.00
2024-01-07T22:55:14Z,10086.30,2242000.00,2619000.00
2012-01-01T00:00:00Z,-1.00,0.00,0.00
2024-01-07T22:55:13Z,6073.00,650100.00,699800.00
2012-01-01T00:00:00Z,-1.00,0.00,0.00
2024-01-07T22:55:13Z,28515.20,786200.00,890300.00
2012-01-01T00:00:00Z,-1.00,0.00,0.00
2024-01-07T22:55:14Z,3957.10,5784000.00,6250000.00
2012-01-01T00:00:00Z,-1.00,0.00,0.00
2024-01-07T22:57:03Z,2805.60,113700.00,395800.00
2012-01-01T00:00:00Z,-1.00,0.00,0.00
2024-01-07T22:57:03Z,15412.40,1566000.00,1713000.00
2012-01-01T00:00:00Z,-1.00,0.00,0.00
2024-01-07T22:55:49Z,2572.30,1722000.00,1908000.00
2012-01-01T00:00:00Z,-1.00,0.00,0.00
2012-01-01T00:00:00Z,-1.00,0.00,0.00
2024-01-07T22:56:31Z,0.00,16750000.00,0.00
2024-01-07T22:56:31Z,0.00,0.00,0.00
2024-01-07T22:55:18Z,4107.80,1980000.00,1995000.00
2012-01-01T00:00:00Z,-1.00,0.00,0.00
2024-01-07T22:56:08Z,1194.00,60070.00,239500.00
2012-01-01T00:00:00Z,-1.00,0.00,0.00
2024-01-07T22:56:08Z,5124.50,1206000.00,1360000.00
2012-01-01T00:00:00Z,-1.00,0.00,0.00
2024-01-07T22:56:22Z,42013145.50,651.50,651.60
2024-01-07T22:56:22Z,50644244.90,483.50,483.60
2024-01-07T22:54:52Z,2341768.10,521.70,1092.00
2024-01-07T22:54:52Z,2003842.40,555.60,795.00
2024-01-07T22:56:22Z,4521551.30,11390.00,11870.00
2024-01-07T22:56:48Z,1106.70,38870000.00,42200000.00
2012-01-01T00:00:00Z,-1.00,0.00,0.00
2024-01-07T22:54:53Z,372.20,360100.00,489900.00
2012-01-01T00:00:00Z,-1.00,0.00,0.00
2024-01-07T22:56:22Z,1995735.70,14680.00,15190.00
2024-01-07T22:56:22Z,2423190.50,12150.00,12700.00
2024-01-07T22:55:23Z,15430.60,18260.00,27950.00
2012-01-01T00:00:00Z,-1.00,0.00,0.00
2024-01-07T22:55:23Z,14994.50,700800.00,770200.00
2012-01-01T00:00:00Z,-1.00,0.00,0.00
2024-01-07T22:55:23Z,9252.10,56280.00,84870.00
2012-01-01T00:00:00Z,-1.00,0.00,0.00
2024-01-07T22:55:23Z,27010.70,1096000.00,1218000.00
2012-01-01T00:00:00Z,-1.00,0.00,0.00
2024-01-07T22:55:45Z,2014.60,17800.00,37810.00
2024-01-07T22:55:45Z,6356.90,911100.00,1036000.00
2024-01-07T22:56:58Z,4565789.20,16800.00,17280.00
2024-01-07T22:56:58Z,4330472.10,16270.00,17100.00
2024-01-07T22:56:58Z,3540952.80,16570.00,17210.00
2024-01-07T22:55:52Z,321.10,130600000.00,138600000.00
2012-01-01T00:00:00Z,-1.00,0.00,0.00
2024-01-07T22:55:06Z,213.30,70030000.00,72980000.00
2024-01-07T22:55:06Z,288.40,69330000.00,75850000.00
2024-01-07T22:55:06Z,189.50,62280000.00,75840000.00
2024-01-07T22:55:06Z,812.00,70000000.00,76980000.00
2024-01-07T22:56:58Z,3318060.90,16490.00,17180.00
2024-01-07T22:55:58Z,13058.00,51500.00,83440.00
2012-01-01T00:00:00Z,-1.00,0.00,0.00
2024-01-07T22:55:58Z,22539.80,1020000.00,1221000.00
2012-01-01T00:00:00Z,-1.00,0.00,0.00
2024-01-07T22:56:22Z,4828816.80,10580.00,11100.00
2024-01-07T22:56:23Z,603235.70,98040.00,102500.00
2024-01-07T22:56:22Z,2307621.40,13120.00,13600.00
2024-01-07T22:56:22Z,2416505.90,13660.00,14360.00
2024-01-07T22:56:22Z,2056654.60,13860.00,14620.00
2024-01-07T22:56:23Z,2025578.60,89500.00,93430.00
2024-01-07T22:55:39Z,8492.40,44100.00,65960.00
2012-01-01T00:00:00Z,-1.00,0.00,0.00
2024-01-07T22:55:39Z,30125.00,1102000.00,1232000.00
2012-01-01T00:00:00Z,-1.00,0.00,0.00
2024-01-07T22:54:57Z,15167.80,18100.00,23460.00
2012-01-01T00:00:00Z,-1.00,0.00,0.00
2024-01-07T22:54:57Z,8073.10,867500.00,928000.00
2012-01-01T00:00:00Z,-1.00,0.00,0.00
2024-01-07T22:55:34Z,5383.50,4632.00,8884.00
2012-01-01T00:00:00Z,-1.00,0.00,0.00
2024-01-07T22:55:34Z,16732.10,431900.00,476400.00
2012-01-01T00:00:00Z,-1.00,0.00,0.00
2024-01-07T22:55:05Z,513.30,21570000.00,23090000.00
2012-01-01T00:00:00Z,-1.00,0.00,0.00
2024-01-07T22:56:10Z,197.90,24050000.00,26750000.00
2012-01-01T00:00:00Z,-1.00,0.00,0.00
2024-01-07T22:55:05Z,308.50,18330000.00,23450000.00
2012-01-01T00:00:00Z,-1.00,0.00,0.00
2024-01-07T22:55:05Z,242.00,24080000.00,25920000.00
2012-01-01T00:00:00Z,-1.00,0.00,0.00
2024-01-07T22:55:05Z,419.10,20920000.00,23010000.00
2012-01-01T00:00:00Z,-1.00,0.00,0.00
2024-01-07T22:55:05Z,244.80,20960000.00,25940000.00
2012-01-01T00:00:00Z,-1.00,0.00,0.00
2024-01-07T22:55:05Z,693.50,21390000.00,23120000.00
2012-01-01T00:00:00Z,-1.00,0.00,0.00
2024-01-07T22:55:05Z,401.60,21110000.00,23710000.00
2012-01-01T00:00:00Z,-1.00,0.00,0.00
2024-01-07T22:56:10Z,113.40,18680000.00,21750000.00
2012-01-01T00:00:00Z,-1.00,0.00,0.00
2024-01-07T22:55:05Z,1062.60,23500000.00,25100000.00
2012-01-01T00:00:00Z,-1.00,0.00,0.00
2024-01-07T22:56:10Z,221.90,22270000.00,26420000.00
2012-01-01T00:00:00Z,-1.00,0.00,0.00
2024-01-07T22:55:05Z,185.70,19000000.00,22290000.00
2012-01-01T00:00:00Z,-1.00,0.00,0.00
2024-01-07T22:55:05Z,708.20,20360000.00,27590000.00
2012-01-01T00:00:00Z,-1.00,0.00,0.00
2024-01-07T22:55:05Z,135.60,20520000.00,27090000.00
2012-01-01T00:00:00Z,-1.00,0.00,0.00
2024-01-07T22:55:05Z,226.30,17710000.00,19630000.00
2012-01-01T00:00:00Z,-1.00,0.00,0.00
2024-01-07T22:56:44Z,1630.80,156600.00,194800.00
2012-01-01T00:00:00Z,-1.00,0.00,0.00
2024-01-07T22:56:44Z,17709.30,800000.00,869400.00
2012-01-01T00:00:00Z,-1.00,0.00,0.00
2024-01-07T22:56:40Z,2739.30,1474000.00,1500000.00
2012-01-01T00:00:00Z,-1.00,0.00,0.00
2024-01-07T22:55:05Z,127.20,25510000.00,28690000.00
2012-01-01T00:00:00Z,-1.00,0.00,0.00
2024-01-07T22:55:44Z,13114.00,2076000.00,2077000.00
2024-01-07T22:55:05Z,397.40,26200000.00,29780000.00
2012-01-01T00:00:00Z,-1.00,0.00,0.00
2024-01-07T22:55:05Z,376.60,22630000.00,24190000.00
2012-01-01T00:00:00Z,-1.00,0.00,0.00
2024-01-07T22:55:05Z,1167.60,29390000.00,31760000.00
2012-01-01T00:00:00Z,-1.00,0.00,0.00
2024-01-07T22:55:05Z,317.10,25270000.00,28860000.00
2012-01-01T00:00:00Z,-1.00,0.00,0.00
2024-01-07T22:56:10Z,156.60,21170000.00,25260000.00
2012-01-01T00:00:00Z,-1.00,0.00,0.00
2024-01-07T22:55:05Z,1244.10,30480000.00,33940000.00
2012-01-01T00:00:00Z,-1.00,0.00,0.00
2024-01-07T22:56:55Z,12505481.30,43000.00,43800.00
2024-01-07T22:55:05Z,448.90,23990000.00,27720000.00
2012-01-01T00:00:00Z,-1.00,0.00,0.00
2024-01-07T22:57:02Z,321698.80,920.40,1555.00
2024-01-07T22:57:02Z,313630.80,508.70,704.00
2024-01-07T22:57:02Z,493565.10,716.30,977.00
2024-01-07T22:57:02Z,169322.50,527.10,999.00
2024-01-07T22:57:02Z,586193.30,925.00,997.00
2024-01-07T22:57:02Z,234316.40,794.50,916.30
2024-01-07T22:57:02Z,389310.10,889.90,998.80
2024-01-07T22:57:00Z,131035.10,50150.00,61910.00
2024-01-07T22:57:00Z,132299.10,38870.00,45610.00
2024-01-07T22:55:52Z,41094.90,25450.00,41020.00
2024-01-07T22:55:52Z,51971.30,27040.00,38000.00
2024-01-07T22:55:52Z,166298.30,25560.00,29430.00
2024-01-07T22:57:00Z,93997.90,23810.00,28300.00
2024-01-07T22:57:00Z,64978.40,18590.00,24990.00
2024-01-07T22:55:52Z,173093.00,28300.00,31070.00
2024-01-07T22:57:00Z,271895.20,50010.00,55770.00
2024-01-07T22:55:52Z,348826.80,52660.00,58990.00
2024-01-07T22:55:52Z,593065.00,62000.00,67130.00
2024-01-07T22:57:00Z,1058871.80,48400.00,50940.00
2024-01-07T22:57:00Z,984594.30,9000.00,9402.00
2024-01-07T22:55:52Z,1398432.70,9404.00,9976.00
2024-01-07T22:55:52Z,1205465.80,9202.00,10010.00
2024-01-07T22:57:00Z,1381299.30,9583.00,9894.00
2024-01-07T22:57:00Z,34960.10,110000.00,129600.00
2024-01-07T22:57:00Z,15553.80,102800.00,115400.00
2024-01-07T22:55:52Z,56621.10,117900.00,137500.00
2024-01-07T22:55:52Z,26411.70,95040.00,115600.00
2024-01-07T22:57:00Z,105628.80,37010.00,42980.00
2024-01-07T22:55:52Z,100702.00,50450.00,61180.00
2024-01-07T22:57:00Z,265611.30,41350.00,48000.00
2024-01-07T22:55:52Z,238875.00,52800.00,59890.00
2024-01-07T22:57:00Z,148504.80,37840.00,45630.00
2024-01-07T22:57:00Z,176405.40,46050.00,48830.00
2024-01-07T22:55:52Z,92403.70,44500.00,46530.00
2024-01-07T22:55:52Z,242445.20,41340.00,48990.00
2012-01-01T00:00:00Z,-1.00,0.00,0.00
2024-01-07T22:55:44Z,9952.10,3858000.00,4149000.00
2024-01-07T22:55:44Z,11532.30,5899000.00,6295000.00
2012-01-01T00:00:00Z,-1.00,0.00,0.00
2012-01-01T00:00:00Z,-1.00,0.00,0.00
2012-01-01T00:00:00Z,-1.00,0.00,0.00
2012-01-01T00:00:00Z,-1.00,0.00,0.00
2012-01-01T00:00:00Z,-1.00,0.00,0.00
2024-01-07T22:57:00Z,259269.50,22210.00,24380.00
2024-01-07T22:55:52Z,299082.90,20930.00,21490.00
2024-01-07T22:55:52Z,135637.60,24530.00,27090.00
2024-01-07T22:57:00Z,240382.10,21380.00,24830.00
2024-01-07T22:55:52Z,227266.00,20230.00,24270.00
2024-01-07T22:57:00Z,60769.80,17020.00,19590.00
2012-01-01T00:00:00Z,-1.00,0.00,0.00
2012-01-01T00:00:00Z,-1.00,0.00,0.00
2012-01-01T00:00:00Z,-1.00,0.00,0.00
2012-01-01T00:00:00Z,-1.00,0.00,0.00
2012-01-01T00:00:00Z,-1.00,0.00,0.00
2024-01-07T22:55:52Z,187.80,180500000.00,207100000.00
2012-01-01T00:00:00Z,-1.00,0.00,0.00
2024-01-07T22:55:52Z,83.30,162700000.00,187300000.00
2012-01-01T00:00:00Z,-1.00,0.00,0.00
2024-01-07T22:55:53Z,189.70,180600000.00,196900000.00
2012-01-01T00:00:00Z,-1.00,0.00,0.00
2024-01-07T22:55:53Z,161.00,172100000.00,179900000.00
2012-01-01T00:00:00Z,-1.00,0.00,0.00
2024-01-07T22:55:52Z,145.80,179200000.00,195400000.00
2012-01-01T00:00:00Z,-1.00,0.00,0.00
2024-01-07T22:55:53Z,252.00,172500000.00,180400000.00
2012-01-01T00:00:00Z,-1.00,0.00,0.00
2024-01-07T22:55:53Z,168.20,176400000.00,209500000.00
2012-01-01T00:00:00Z,-1.00,0.00,0.00
2024-01-07T22:55:05Z,271.10,151100000.00,169500000.00
2012-01-01T00:00:00Z,-1.00,0.00,0.00
2024-01-07T22:55:05Z,215.60,185000000.00,194100000.00
2012-01-01T00:00:00Z,-1.00,0.00,0.00
2024-01-07T22:55:05Z,245.70,164500000.00,182300000.00
2012-01-01T00:00:00Z,-1.00,0.00,0.00
2024-01-07T22:55:05Z,123.40,170700000.00,187800000.00
2012-01-01T00:00:00Z,-1.00,0.00,0.00
2024-01-07T22:55:05Z,309.90,182900000.00,196400000.00
2012-01-01T00:00:00Z,-1.00,0.00,0.00
2024-01-07T22:56:10Z,109.90,296700000.00,336800000.00
2012-01-01T00:00:00Z,-1.00,0.00,0.00
2024-01-07T22:55:05Z,452.90,170400000.00,174800000.00
2012-01-01T00:00:00Z,-1.00,0.00,0.00
2024-01-07T22:55:05Z,118.50,173700000.00,194600000.00
2012-01-01T00:00:00Z,-1.00,0.00,0.00
2024-01-07T22:55:05Z,1180.70,182000000.00,196400000.00
2012-01-01T00:00:00Z,-1.00,0.00,0.00
2024-01-07T22:55:05Z,116.90,133000000.00,144000000.00
2012-01-01T00:00:00Z,-1.00,0.00,0.00
2024-01-07T22:56:10Z,84.00,271100000.00,276500000.00
2012-01-01T00:00:00Z,-1.00,0.00,0.00
2024-01-07T22:55:05Z,175.20,136200000.00,147400000.00
2012-01-01T00:00:00Z,-1.00,0.00,0.00
2024-01-07T22:56:10Z,104.10,286700000.00,319400000.00
2012-01-01T00:00:00Z,-1.00,0.00,0.00
2024-01-07T22:55:05Z,115.00,176600000.00,194000000.00
2012-01-01T00:00:00Z,-1.00,0.00,0.00
2024-01-07T22:56:10Z,62.30,242400000.00,263600000.00
2012-01-01T00:00:00Z,-1.00,0.00,0.00
2024-01-07T22:55:05Z,230.80,189400000.00,211000000.00
2012-01-01T00:00:00Z,-1.00,0.00,0.00
2012-01-01T00:00:00Z,-1.00,0.00,0.00
2024-01-07T22:55:05Z,581.50,26550000.00,34890000.00
2024-01-07T22:55:05Z,445.70,20020000.00,23790000.00
2012-01-01T00:00:00Z,-1.00,0.00,0.00
2024-01-07T22:55:05Z,720.50,25670000.00,32020000.00
2012-01-01T00:00:00Z,-1.00,0.00,0.00
2024-01-07T22:55:05Z,127.60,25720000.00,29920000.00
2012-01-01T00:00:00Z,-1.00,0.00,0.00
2024-01-07T22:55:05Z,378.70,25030000.00,27570000.00
2012-01-01T00:00:00Z,-1.00,0.00,0.00
2024-01-07T22:54:56Z,1236.70,93140.00,198000.00
2012-01-01T00:00:00Z,-1.00,0.00,0.00
2024-01-07T22:55:12Z,2131.70,35340.00,71100.00
2012-01-01T00:00:00Z,-1.00,0.00,0.00
2024-01-07T22:55:12Z,8773.80,2517000.00,2800000.00
2012-01-01T00:00:00Z,-1.00,0.00,0.00
2024-01-07T22:55:12Z,638.90,229700.00,319000.00
2012-01-01T00:00:00Z,-1.00,0.00,0.00
2024-01-07T22:55:12Z,1518.10,3568000.00,4879000.00
2012-01-01T00:00:00Z,-1.00,0.00,0.00
2024-01-07T22:54:56Z,1985.90,4913000.00,5585000.00
2012-01-01T00:00:00Z,-1.00,0.00,0.00
2012-01-01T00:00:00Z,-1.00,0.00,0.00
2012-01-01T00:00:00Z,-1.00,0.00,0.00
2024-01-07T22:56:07Z,434.90,515200.00,1049000.00
2024-01-07T22:55:05Z,250.60,23060000.00,26510000.00
2024-01-07T22:55:46Z,228.40,157500.00,241900.00
2012-01-01T00:00:00Z,-1.00,0.00,0.00
2024-01-07T22:55:46Z,3703.00,3357000.00,3978000.00
2012-01-01T00:00:00Z,-1.00,0.00,0.00
2024-01-07T22:55:46Z,274.90,1004000.00,4949000.00
2012-01-01T00:00:00Z,-1.00,0.00,0.00
2024-01-07T22:55:46Z,2027.40,4923000.00,6540000.00
2012-01-01T00:00:00Z,-1.00,0.00,0.00
2024-01-07T22:55:37Z,7652.90,90230.00,119600.00
2012-01-01T00:00:00Z,-1.00,0.00,0.00
2012-01-01T00:00:00Z,-1.00,0.00,0.00
2024-01-07T22:55:33Z,296.30,130500000.00,144600000.00
2012-01-01T00:00:00Z,-1.00,0.00,0.00
2024-01-07T22:55:33Z,272.50,195600000.00,209000000.00
2012-01-01T00:00:00Z,-1.00,0.00,0.00
2024-01-07T22:55:33Z,121.10,119400000.00,128500000.00
2012-01-01T00:00:00Z,-1.00,0.00,0.00
2024-01-07T22:55:34Z,143.30,121500000.00,136800000.00
2012-01-01T00:00:00Z,-1.00,0.00,0.00
2024-01-07T22:55:33Z,311.30,129700000.00,137200000.00
2012-01-01T00:00:00Z,-1.00,0.00,0.00
2024-01-07T22:55:33Z,360.50,189400000.00,199700000.00
2012-01-01T00:00:00Z,-1.00,0.00,0.00
2024-01-07T22:55:34Z,142.80,179300000.00,193900000.00
2012-01-01T00:00:00Z,-1.00,0.00,0.00
2024-01-07T22:55:33Z,119.50,172900000.00,193100000.00
2012-01-01T00:00:00Z,-1.00,0.00,0.00
2012-01-01T00:00:00Z,-1.00,0.00,0.00
2024-01-07T22:55:46Z,4800.60,1200000.00,1700000.00
2012-01-01T00:00:00Z,-1.00,0.00,0.00
2024-01-07T22:55:36Z,524.80,75760.00,396300.00
2012-01-01T00:00:00Z,-1.00,0.00,0.00
2024-01-07T22:55:53Z,36656.70,16060.00,28500.00
2012-01-01T00:00:00Z,-1.00,0.00,0.00
2024-01-07T22:55:53Z,15357.50,22210.00,28170.00
2012-01-01T00:00:00Z,-1.00,0.00,0.00
2012-01-01T00:00:00Z,-1.00,0.00,0.00
2024-01-07T22:55:06Z,223.30,47360000.00,53700000.00
2012-01-01T00:00:00Z,-1.00,0.00,0.00
2024-01-07T22:55:06Z,212.10,51930000.00,57070000.00
2012-01-01T00:00:00Z,-1.00,0.00,0.00
2024-01-07T22:55:06Z,149.10,53300000.00,57220000.00
2012-01-01T00:00:00Z,-1.00,0.00,0.00
2024-01-07T22:55:06Z,96.80,49300000.00,56190000.00
2012-01-01T00:00:00Z,-1.00,0.00,0.00
2024-01-07T22:55:05Z,1249.30,1364000.00,1688000.00
2012-01-01T00:00:00Z,-1.00,0.00,0.00
2024-01-07T22:55:05Z,2423.90,813100.00,988200.00
2012-01-01T00:00:00Z,-1.00,0.00,0.00
2024-01-07T22:55:05Z,3436.80,978600.00,1096000.00
2012-01-01T00:00:00Z,-1.00,0.00,0.00
2024-01-07T22:55:05Z,2271.70,1187000.00,1345000.00
2012-01-01T00:00:00Z,-1.00,0.00,0.00
2024-01-07T22:56:07Z,214885815.20,120.60,138.20
2024-01-07T22:56:07Z,112923752.70,170.10,180.10
2024-01-07T22:56:07Z,249868704.20,549.00,578.10
2024-01-07T22:56:07Z,8010560.40,3756.00,4175.00
2024-01-07T22:56:07Z,2676.30,4736000.00,5090000.00
2012-01-01T00:00:00Z,-1.00,0.00,0.00
2024-01-07T22:55:08Z,52858084.30,1868.00,1871.00
2024-01-07T22:55:08Z,62619024.50,1525.00,1530.00
2024-01-07T22:55:08Z,47131307.30,1855.00,1858.00
2024-01-07T22:55:08Z,44475576.60,2057.00,2189.00
2024-01-07T22:55:08Z,8373795.50,4750.00,4933.00
2024-01-07T22:55:08Z,9681691.40,4686.00,4999.00
2024-01-07T22:55:08Z,9203960.50,5033.00,5718.00
2024-01-07T22:55:08Z,11108938.20,5337.00,5738.00
2024-01-07T22:55:08Z,16380016.30,9388.00,9650.00
2024-01-07T22:55:08Z,15224593.80,7415.00,7419.00
2024-01-07T22:55:08Z,17688659.10,8231.00,8376.00
2024-01-07T22:55:08Z,22513153.40,9207.00,9413.00
2024-01-07T22:55:08Z,7745306.10,6251.00,6403.00
2024-01-07T22:55:08Z,7691851.80,6315.00,7109.00
2024-01-07T22:55:08Z,15216926.00,17520.00,17960.00
2024-01-07T22:55:09Z,8168005.80,7661.00,7885.00
2024-01-07T22:55:09Z,5216740.00,79590.00,81290.00
2024-01-07T22:55:09Z,5236048.10,63830.00,67250.00
2024-01-07T22:55:09Z,4895010.20,83960.00,85560.00
2024-01-07T22:55:09Z,4767929.40,42100.00,44420.00
2024-01-07T22:55:07Z,344082.00,8481.00,9076.00
2024-01-07T22:55:07Z,490998.20,7501.00,8180.00
2024-01-07T22:55:07Z,641162.90,6624.00,7499.00
2024-01-07T22:55:08Z,491977.70,7938.00,8197.00
2024-01-07T22:55:08Z,717970.60,3089.00,3597.00
2024-01-07T22:55:08Z,1538774.50,2925.00,3109.00
2024-01-07T22:55:08Z,1709782.20,2751.00,3152.00
2024-01-07T22:55:08Z,2385981.00,2461.00,2916.00
2024-01-07T22:55:08Z,552158.80,10100.00,11000.00
2024-01-07T22:55:08Z,357866.10,7783.00,9000.00
2024-01-07T22:55:08Z,137220.30,7233.00,8596.00
2024-01-07T22:55:08Z,698432.90,9902.00,10500.00
2024-01-07T22:55:08Z,241867.50,35870.00,47890.00
2024-01-07T22:55:08Z,652932.70,33090.00,39000.00
2024-01-07T22:55:08Z,171678.30,35890.00,53070.00
2024-01-07T22:55:08Z,129362.10,45090.00,52940.00
2024-01-07T22:55:07Z,447747005.80,134.50,146.00
2024-01-07T22:55:07Z,385306675.40,134.20,143.00
2024-01-07T22:55:07Z,410694414.40,126.70,134.00
2024-01-07T22:55:07Z,429650252.00,117.40,134.80
2024-01-07T22:55:07Z,225410332.20,270.70,298.40
2024-01-07T22:55:07Z,82359793.80,603.90,613.00
2024-01-07T22:55:07Z,40832771.00,1318.00,1557.00
2024-01-07T22:55:07Z,15029106.20,3754.00,4146.00
2024-01-07T22:55:07Z,5139771.00,8013.00,8976.00
2024-01-07T22:55:07Z,2870368.90,35860.00,36900.00
2024-01-07T22:55:07Z,1070170.00,60050.00,62420.00
2024-01-07T22:56:23Z,75950.50,90200.00,99490.00
2024-01-07T22:55:07Z,886.20,54340000.00,59310000.00
2012-01-01T00:00:00Z,-1.00,0.00,0.00
2024-01-07T22:55:07Z,1035.10,53230000.00,58220000.00
2012-01-01T00:00:00Z,-1.00,0.00,0.00
2024-01-07T22:55:07Z,663.60,54160000.00,58330000.00
2012-01-01T00:00:00Z,-1.00,0.00,0.00
2024-01-07T22:56:07Z,5605.80,4299000.00,4930000.00
2012-01-01T00:00:00Z,-1.00,0.00,0.00
2024-01-07T22:56:24Z,1177.60,303300000.00,316400000.00
2024-01-07T22:56:24Z,103.40,257400000.00,273000000.00
2024-01-07T22:56:24Z,111.80,234300000.00,254800000.00
2024-01-07T22:56:24Z,89.10,298100000.00,324900000.00
2024-01-07T22:56:24Z,98.00,1100000000.00,1295000000.00
2024-01-07T22:56:24Z,161.90,930200000.00,989000000.00
2024-01-07T22:56:24Z,60.70,1195000000.00,1379000000.00
2024-01-07T22:55:08Z,266151.70,34490.00,46500.00
2024-01-07T22:56:07Z,200782341.20,530.70,553.90
2024-01-07T22:56:07Z,288948639.00,524.80,542.70
2024-01-07T22:56:07Z,210908368.50,417.60,431.00
2024-01-07T22:56:07Z,3089.10,7553000.00,8297000.00
2012-01-01T00:00:00Z,-1.00,0.00,0.00
2024-01-07T22:56:24Z,196.20,1032000000.00,1131000000.00
2024-01-07T22:56:24Z,82.10,1074000000.00,1159000000.00
2024-01-07T22:56:24Z,73.70,207300000.00,231400000.00
2024-01-07T22:56:23Z,445.00,104000000.00,113000000.00
2024-01-07T22:56:23Z,53.90,77600000.00,89880000.00
2024-01-07T22:56:23Z,290.00,95000000.00,104500000.00
2024-01-07T22:56:23Z,571.90,83020000.00,86700000.00
2024-01-07T22:56:23Z,378.70,76110000.00,80280000.00
2024-01-07T22:55:08Z,389810.40,13350.00,15700.00
2024-01-07T22:55:08Z,312228.90,37300.00,54600.00
2012-01-01T00:00:00Z,-1.00,0.00,0.00
2012-01-01T00:00:00Z,-1.00,0.00,0.00
2012-01-01T00:00:00Z,-1.00,0.00,0.00
2012-01-01T00:00:00Z,-1.00,0.00,0.00
2024-01-07T22:55:37Z,4334.20,2580000.00,2865000.00
2012-01-01T00:00:00Z,-1.00,0.00,0.00
2024-01-07T22:54:54Z,429.60,2921000.00,3786000.00
2012-01-01T00:00:00Z,-1.00,0.00,0.00
2024-01-07T22:55:52Z,282.10,183900000.00,197900000.00
2012-01-01T00:00:00Z,-1.00,0.00,0.00
2024-01-07T22:55:59Z,1752.10,43100.00,84190.00
2024-01-07T22:56:58Z,192078.40,82440.00,94840.00
2024-01-07T22:56:58Z,141877.60,81380.00,95790.00
2012-01-01T00:00:00Z,-1.00,0.00,0.00
2012-01-01T00:00:00Z,-1.00,0.00,0.00
2012-01-01T00:00:00Z,-1.00,0.00,0.00
2012-01-01T00:00:00Z,-1.00,0.00,0.00
2012-01-01T00:00:00Z,-1.00,0.00,0.00
2012-01-01T00:00:00Z,-1.00,0.00,0.00
2012-01-01T00:00:00Z,-1.00,0.00,0.00
2012-01-01T00:00:00Z,-1.00,0.00,0.00
2024-01-07T22:55:52Z,57.60,96910000.00,101900000.00
2012-01-01T00:00:00Z,-1.00,0.00,0.00
2024-01-07T22:56:40Z,4571.90,3798000.00,4459000.00
2012-01-01T00:00:00Z,-1.00,0.00,0.00
2024-01-07T22:56:58Z,184612.60,83110.00,97910.00
2024-01-07T22:56:58Z,328647.70,94190.00,100800.00
2024-01-07T22:56:58Z,87158.20,83400.00,90380.00
2024-01-07T22:56:58Z,190719.20,87280.00,97950.00
2024-01-07T22:56:58Z,306039.10,90160.00,100700.00
2024-01-07T22:56:58Z,202070.60,87010.00,92960.00
2024-01-07T22:56:59Z,210894.40,90020.00,100700.00
2024-01-07T22:56:59Z,108973.00,85290.00,92980.00
2024-01-07T22:56:59Z,414538.80,87070.00,99560.00
2024-01-07T22:56:59Z,330612.30,90210.00,107100.00
2024-01-07T22:56:59Z,139203.60,88120.00,99920.00
2024-01-07T22:56:59Z,123873.60,77980.00,90500.00
2024-01-07T22:56:59Z,122449.60,85950.00,99350.00
2024-01-07T22:56:59Z,273522.00,85220.00,96600.00
2024-01-07T22:55:51Z,37.10,69930000.00,81980000.00
2012-01-01T00:00:00Z,-1.00,0.00,0.00
2024-01-07T22:55:51Z,325.00,23180000.00,24490000.00
2024-01-07T22:55:51Z,159.10,18670000.00,19940000.00
2024-01-07T22:55:51Z,182.00,19540000.00,21800000.00
2024-01-07T22:55:51Z,414.60,20510000.00,23790000.00
2024-01-07T22:55:52Z,229.10,19550000.00,21000000.00
2024-01-07T22:55:52Z,148.40,21210000.00,28840000.00
2024-01-07T22:55:52Z,144.90,21120000.00,24230000.00
2024-01-07T22:55:52Z,354.00,29330000.00,33700000.00
2024-01-07T22:55:52Z,860.30,19000000.00,20960000.00
2024-01-07T22:55:52Z,638.20,10500000.00,13330000.00
2024-01-07T22:55:52Z,256.70,17160000.00,20960000.00
2024-01-07T22:55:52Z,886.40,14390000.00,16390000.00
2024-01-07T22:55:52Z,445.40,17290000.00,20580000.00
2024-01-07T22:55:52Z,151.20,14980000.00,22970000.00
2024-01-07T22:55:53Z,21512.60,909000.00,949000.00
2012-01-01T00:00:00Z,-1.00,0.00,0.00
2024-01-07T22:55:53Z,24486.20,942100.00,979700.00
2012-01-01T00:00:00Z,-1.00,0.00,0.00
2024-01-07T22:56:07Z,2601.40,7173000.00,7681000.00
2012-01-01T00:00:00Z,-1.00,0.00,0.00
2024-01-07T22:55:38Z,35301.00,1092000.00,1194000.00
2012-01-01T00:00:00Z,-1.00,0.00,0.00
2024-01-07T22:56:10Z,160.50,1236000000.00,1295000000.00
2012-01-01T00:00:00Z,-1.00,0.00,0.00
2024-01-07T22:56:10Z,51.30,1014000000.00,1112000000.00
2012-01-01T00:00:00Z,-1.00,0.00,0.00
2024-01-07T22:56:10Z,97.10,1136000000.00,1138000000.00
2012-01-01T00:00:00Z,-1.00,0.00,0.00
2024-01-07T22:56:10Z,71.40,1125000000.00,1188000000.00
2012-01-01T00:00:00Z,-1.00,0.00,0.00
2024-01-07T22:55:52Z,94.50,305400000.00,338300000.00
2012-01-01T00:00:00Z,-1.00,0.00,0.00
2024-01-07T22:55:53Z,246.60,369600000.00,427400000.00
2012-01-01T00:00:00Z,-1.00,0.00,0.00
2024-01-07T22:55:52Z,46.70,330100000.00,425800000.00
2012-01-01T00:00:00Z,-1.00,0.00,0.00
2024-01-07T22:55:52Z,35.50,307900000.00,344700000.00
2012-01-01T00:00:00Z,-1.00,0.00,0.00
2024-01-07T22:55:52Z,172.90,46090000.00,51420000.00
2012-01-01T00:00:00Z,-1.00,0.00,0.00
2024-01-07T22:55:53Z,1005.20,44900000.00,49440000.00
2012-01-01T00:00:00Z,-1.00,0.00,0.00
2024-01-07T22:55:52Z,452.20,48510000.00,53690000.00
2012-01-01T00:00:00Z,-1.00,0.00,0.00
2024-01-07T22:55:52Z,648.40,53010000.00,62350000.00
2012-01-01T00:00:00Z,-1.00,0.00,0.00
2024-01-07T22:55:52Z,30.30,300500000.00,340400000.00
2012-01-01T00:00:00Z,-1.00,0.00,0.00
2024-01-07T22:55:53Z,85.90,371400000.00,421600000.00
2012-01-01T00:00:00Z,-1.00,0.00,0.00
2024-01-07T22:55:52Z,179.20,381000000.00,415000000.00
2012-01-01T00:00:00Z,-1.00,0.00,0.00
2024-01-07T22:55:52Z,66.00,350500000.00,447300000.00
2012-01-01T00:00:00Z,-1.00,0.00,0.00
2024-01-07T22:55:56Z,645.20,260800000.00,284100000.00
2012-01-01T00:00:00Z,-1.00,0.00,0.00
2024-01-07T22:55:55Z,145.60,220200000.00,238300000.00
2012-01-01T00:00:00Z,-1.00,0.00,0.00
2024-01-07T22:55:56Z,517.10,276900000.00,292300000.00
2012-01-01T00:00:00Z,-1.00,0.00,0.00
2024-01-07T22:56:14Z,173567.10,97600.00,110000.00
2012-01-01T00:00:00Z,-1.00,0.00,0.00
2024-01-07T22:55:54Z,1255.60,6348000.00,7426000.00
2012-01-01T00:00:00Z,-1.00,0.00,0.00
2024-01-07T22:55:54Z,845.10,5719000.00,6383000.00
2012-01-01T00:00:00Z,-1.00,0.00,0.00
2024-01-07T22:55:54Z,1538.10,4277000.00,4921000.00
2024-01-07T22:55:56Z,1714.10,120900.00,189900.00
2012-01-01T00:00:00Z,-1.00,0.00,0.00
2024-01-07T22:55:58Z,8266.30,388500.00,456000.00
2012-01-01T00:00:00Z,-1.00,0.00,0.00
2024-01-07T22:55:56Z,3595.70,172200.00,222900.00
2012-01-01T00:00:00Z,-1.00,0.00,0.00
2024-01-07T22:55:56Z,1863.20,107700.00,169300.00
2012-01-01T00:00:00Z,-1.00,0.00,0.00
2024-01-07T22:55:56Z,1895.40,120200.00,159300.00
2012-01-01T00:00:00Z,-1.00,0.00,0.00
2012-01-01T00:00:00Z,-1.00,0.00,0.00
2012-01-01T00:00:00Z,-1.00,0.00,0.00
2012-01-01T00:00:00Z,-1.00,0.00,0.00
2012-01-01T00:00:00Z,-1.00,0.00,0.00
2012-01-01T00:00:00Z,-1.00,0.00,0.00
2012-01-01T00:00:00Z,-1.00,0.00,0.00
2012-01-01T00:00:00Z,-1.00,0.00,0.00
2024-01-07T22:55:58Z,1992.40,175600.00,247900.00
2012-01-01T00:00:00Z,-1.00,0.00,0.00
2024-01-07T22:55:58Z,1837.30,1221000.00,1323000.00
2012-01-01T00:00:00Z,-1.00,0.00,0.00
2024-01-07T22:55:58Z,4851.50,1312000.00,1503000.00
2012-01-01T00:00:00Z,-1.00,0.00,0.00
2012-01-01T00:00:00Z,-1.00,0.00,0.00
2024-01-07T22:55:52Z,50.20,27500000.00,59970000.00
2024-01-07T22:55:52Z,92.40,21210000.00,37090000.00
2024-01-07T22:55:52Z,0.20,10010000.00,70000000.00
2024-01-07T22:55:52Z,233.30,28760000.00,31190000.00
2024-01-07T22:55:52Z,176.60,20840000.00,26500000.00
2024-01-07T22:54:54Z,82.40,346600000.00,367900000.00
2024-01-07T22:54:54Z,78.60,340200000.00,364300000.00
2024-01-07T22:54:54Z,92.90,328600000.00,356800000.00
2024-01-07T22:54:54Z,42.00,283400000.00,320700000.00
2024-01-07T22:55:06Z,150.00,50040000.00,57860000.00
2012-01-01T00:00:00Z,-1.00,0.00,0.00
2024-01-07T22:55:06Z,599.20,51650000.00,58860000.00
2012-01-01T00:00:00Z,-1.00,0.00,0.00
2024-01-07T22:55:06Z,194.40,51510000.00,56700000.00
2012-01-01T00:00:00Z,-1.00,0.00,0.00
2024-01-07T22:55:06Z,330.60,52310000.00,57460000.00
2012-01-01T00:00:00Z,-1.00,0.00,0.00
2024-01-07T22:55:59Z,80246.40,47390.00,57080.00
2024-01-07T22:55:59Z,94401.80,68000.00,71420.00
2024-01-07T22:55:59Z,88717.30,69220.00,79730.00
2024-01-07T22:55:59Z,48031.90,43480.00,48980.00
2024-01-07T22:55:59Z,54482.90,37510.00,41500.00
2024-01-07T22:55:59Z,29587.80,58570.00,65930.00
2024-01-07T22:55:59Z,40197.00,45160.00,50000.00
2024-01-07T22:55:59Z,52460.30,45130.00,59320.00
2024-01-07T22:56:57Z,55378.20,1662000.00,1725000.00
2024-01-07T22:56:57Z,93836.20,517400.00,530000.00
2024-01-07T22:56:57Z,58978.50,1457000.00,1574000.00
2024-01-07T22:56:57Z,89722.30,115100.00,119700.00
2024-01-07T22:56:57Z,371447.80,468200.00,483700.00
2024-01-07T22:56:57Z,561099.50,4264.00,4895.00
2024-01-07T22:56:57Z,401695.70,1103000.00,1210000.00
2024-01-07T22:56:57Z,470492.40,8618.00,9896.00
2024-01-07T22:56:58Z,50763.80,360200.00,383200.00
2024-01-07T22:56:58Z,32546.50,1056000.00,1102000.00
2024-01-07T22:56:58Z,65622.40,6998000.00,7121000.00
2024-01-07T22:56:58Z,50916.10,5286000.00,5844000.00
2024-01-07T22:55:59Z,14897.90,1238000.00,1379000.00
2012-01-01T00:00:00Z,-1.00,0.00,0.00
2024-01-07T22:56:59Z,136115.00,82210.00,92210.00
2012-01-01T00:00:00Z,-1.00,0.00,0.00
2012-01-01T00:00:00Z,-1.00,0.00,0.00
2012-01-01T00:00:00Z,-1.00,0.00,0.00
2012-01-01T00:00:00Z,-1.00,0.00,0.00
2012-01-01T00:00:00Z,-1.00,0.00,0.00
2012-01-01T00:00:00Z,-1.00,0.00,0.00
2012-01-01T00:00:00Z,-1.00,0.00,0.00
2012-01-01T00:00:00Z,-1.00,0.00,0.00
2012-01-01T00:00:00Z,-1.00,0.00,0.00
2012-01-01T00:00:00Z,-1.00,0.00,0.00
2012-01-01T00:00:00Z,-1.00,0.00,0.00
2012-01-01T00:00:00Z,-1.00,0.00,0.00
2012-01-01T00:00:00Z,-1.00,0.00,0.00
2012-01-01T00:00:00Z,-1.00,0.00,0.00
2024-01-07T22:56:14Z,94.70,155300000.00,164500000.00
2012-01-01T00:00:00Z,-1.00,0.00,0.00
2024-01-07T22:56:14Z,22.60,138500000.00,193700000.00
2012-01-01T00:00:00Z,-1.00,0.00,0.00
2024-01-07T22:56:14Z,161.90,184000000.00,187900000.00
2012-01-01T00:00:00Z,-1.00,0.00,0.00
2024-01-07T22:56:14Z,79.60,165000000.00,180800000.00
2012-01-01T00:00:00Z,-1.00,0.00,0.00
2024-01-07T22:56:14Z,163.30,182700000.00,274500000.00
2012-01-01T00:00:00Z,-1.00,0.00,0.00
2024-01-07T22:56:14Z,846.10,131000000.00,159900000.00
2012-01-01T00:00:00Z,-1.00,0.00,0.00
2024-01-07T22:56:15Z,79.10,46650000.00,63470000.00
2012-01-01T00:00:00Z,-1.00,0.00,0.00
2024-01-07T22:56:15Z,304.50,45510000.00,53710000.00
2012-01-01T00:00:00Z,-1.00,0.00,0.00
2024-01-07T22:56:16Z,192.00,45050000.00,51850000.00
2012-01-01T00:00:00Z,-1.00,0.00,0.00
2024-01-07T22:56:17Z,2838.50,47520000.00,48530000.00
2012-01-01T00:00:00Z,-1.00,0.00,0.00
2024-01-07T22:56:19Z,730.10,28670000.00,35610000.00
2012-01-01T00:00:00Z,-1.00,0.00,0.00
2024-01-07T22:56:19Z,383.80,22420000.00,25160000.00
2012-01-01T00:00:00Z,-1.00,0.00,0.00
2024-01-07T22:56:20Z,771.40,114500000.00,126700000.00
2012-01-01T00:00:00Z,-1.00,0.00,0.00
2024-01-07T22:56:20Z,217.70,116500000.00,126000000.00
2012-01-01T00:00:00Z,-1.00,0.00,0.00
2012-01-01T00:00:00Z,-1.00,0.00,0.00
2024-01-07T22:55:05Z,213.00,37530000.00,39990000.00
2012-01-01T00:00:00Z,-1.00,0.00,0.00
2024-01-07T22:55:56Z,2709.20,1624000.00,1863000.00
2012-01-01T00:00:00Z,-1.00,0.00,0.00
2024-01-07T22:55:56Z,2227.90,926000.00,1185000.00
2012-01-01T00:00:00Z,-1.00,0.00,0.00
2024-01-07T22:55:56Z,2538.00,1555000.00,1751000.00
2012-01-01T00:00:00Z,-1.00,0.00,0.00
2024-01-07T22:55:56Z,3966.90,1383000.00,2000000.00
2012-01-01T00:00:00Z,-1.00,0.00,0.00
2012-01-01T00:00:00Z,-1.00,0.00,0.00
2024-01-07T22:58:03Z,200.20,1827000000.00,1988000000.00
2024-01-07T22:56:10Z,404.80,1328000000.00,1392000000.00
2012-01-01T00:00:00Z,-1.00,0.00,0.00
2024-01-07T22:56:10Z,289.60,1350000000.00,1371000000.00
2012-01-01T00:00:00Z,-1.00,0.00,0.00
2024-01-07T22:56:10Z,448.00,1355000000.00,1375000000.00
2012-01-01T00:00:00Z,-1.00,0.00,0.00
2024-01-07T22:56:11Z,6836285.90,27570.00,29160.00
2024-01-07T22:55:59Z,583504.60,160000.00,181000.00
2024-01-07T22:55:59Z,358141.20,55000.00,61920.00
2024-01-07T22:55:59Z,579751.40,142100.00,155100.00
2024-01-07T22:55:59Z,513476.40,103300.00,126900.00
2024-01-07T22:55:59Z,358856.90,106800.00,112200.00
2024-01-07T22:55:59Z,399205.10,109700.00,115900.00
2024-01-07T22:55:59Z,339957.60,85320.00,110000.00
2024-01-07T22:55:59Z,632534.90,174000.00,179800.00
2024-01-07T22:56:10Z,356.50,1332000000.00,1445000000.00
2012-01-01T00:00:00Z,-1.00,0.00,0.00
2012-01-01T00:00:00Z,-1.00,0.00,0.00
2012-01-01T00:00:00Z,-1.00,0.00,0.00
2012-01-01T00:00:00Z,-1.00,0.00,0.00
2012-01-01T00:00:00Z,-1.00,0.00,0.00
2012-01-01T00:00:00Z,-1.00,0.00,0.00
2012-01-01T00:00:00Z,-1.00,0.00,0.00
2012-01-01T00:00:00Z,-1.00,0.00,0.00
2012-01-01T00:00:00Z,-1.00,0.00,0.00
2024-01-07T22:56:59Z,36.20,600700.00,1299000.00
2024-01-07T22:56:59Z,247.80,751200.00,1011000.00
2024-01-07T22:56:59Z,88.70,458500.00,899900.00
2024-01-07T22:56:59Z,-1.00,707800.00,1200000.00
2024-01-07T22:56:59Z,88.70,150600.00,720000.00
2024-01-07T22:56:59Z,177.10,1162000.00,2007000.00
2024-01-07T22:56:59Z,214.70,210100.00,797000.00
2024-01-07T22:56:59Z,1107.40,356900.00,793000.00
2024-01-07T22:56:59Z,480.40,710000.00,2000000.00
2024-01-07T22:56:59Z,400.20,500600.00,674000.00
2024-01-07T22:56:59Z,0.20,351900.00,790000.00
2024-01-07T22:56:59Z,304.70,561000.00,1297000.00
2024-01-07T22:56:59Z,222.80,500700.00,870600.00
2024-01-07T22:56:59Z,518.20,560200.00,899900.00
2024-01-07T22:56:59Z,515.90,261000.00,1181000.00
2024-01-07T22:57:00Z,-1.00,261000.00,950000.00
2024-01-07T22:57:00Z,163.80,300100.00,900200.00
2024-01-07T22:56:59Z,248.30,900100.00,1849000.00
2024-01-07T22:56:59Z,380.60,600600.00,915600.00
2024-01-07T22:57:00Z,343.00,250600.00,569800.00
2024-01-07T22:56:59Z,260.60,650700.00,937900.00
2024-01-07T22:56:59Z,856.80,610400.00,1068000.00
2024-01-07T22:56:59Z,90.50,460100.00,704700.00
2024-01-07T22:56:59Z,683.00,1079000.00,1444000.00
2024-01-07T22:56:59Z,515.00,569600.00,1100000.00
2024-01-07T22:56:59Z,350.00,463200.00,2098000.00
2024-01-07T22:56:59Z,1033.90,651000.00,950000.00
2024-01-07T22:56:59Z,153.50,321800.00,995000.00
2024-01-07T22:54:53Z,1088.50,583200.00,690600.00
2012-01-01T00:00:00Z,-1.00,0.00,0.00
2024-01-07T22:56:12Z,855.20,230900000.00,249000000.00
2012-01-01T00:00:00Z,-1.00,0.00,0.00
2024-01-07T22:56:12Z,429.80,210500000.00,226200000.00
2012-01-01T00:00:00Z,-1.00,0.00,0.00
2024-01-07T22:56:12Z,418.80,238400000.00,253100000.00
2012-01-01T00:00:00Z,-1.00,0.00,0.00
2024-01-07T22:56:12Z,921.20,225000000.00,235200000.00
2012-01-01T00:00:00Z,-1.00,0.00,0.00
2024-01-07T22:56:12Z,602.00,420000.00,644900.00
2024-01-07T22:56:12Z,398.80,731800.00,1154000.00
2024-01-07T22:56:13Z,46.00,17770000.00,24820000.00
2024-01-07T22:56:13Z,273.50,13960000.00,15100000.00
2024-01-07T22:56:56Z,110050.70,4407.00,4409.00
2024-01-07T22:56:56Z,507158.40,955.00,1193.00
2024-01-07T22:56:56Z,1204959.00,746.10,994.90
2024-01-07T22:56:56Z,82815.10,52320.00,57500.00
2024-01-07T22:56:56Z,131146.20,4858.00,4859.00
2024-01-07T22:56:56Z,110652.00,3041.00,3042.00
2024-01-07T22:56:56Z,1102499.10,283600.00,315100.00
2024-01-07T22:56:56Z,64439.20,8970.00,9410.00
2024-01-07T22:56:56Z,2306514.90,254.00,629.70
2024-01-07T22:56:56Z,175708.90,6185.00,13940.00
2024-01-07T22:56:56Z,142162.50,23920.00,32670.00
2024-01-07T22:56:56Z,57338.90,9303.00,10800.00
2024-01-07T22:56:56Z,55911.60,9365.00,9366.00
2024-01-07T22:56:56Z,50915.00,9127.00,9128.00
2024-01-07T22:56:56Z,82437.80,9969.00,11970.00
2024-01-07T22:56:55Z,3633532.90,1657.00,1769.00
2024-01-07T22:56:56Z,747259.30,9210.00,9749.00
2024-01-07T22:56:56Z,1086040.90,12850.00,13280.00
2024-01-07T22:56:56Z,857532.00,12340.00,13610.00
2024-01-07T22:56:56Z,842180.30,17220.00,18850.00
2024-01-07T22:56:56Z,1141262.00,15400.00,15890.00
2024-01-07T22:56:56Z,1090312.50,30410.00,35990.00
2024-01-07T22:56:56Z,1282591.80,40020.00,43070.00
2024-01-07T22:56:56Z,653983.60,70740.00,79790.00
2024-01-07T22:56:55Z,3301475.60,4801.00,5045.00
2024-01-07T22:56:55Z,3612819.70,4620.00,4946.00
2024-01-07T22:56:55Z,4164496.20,6822.00,7091.00
2024-01-07T22:56:55Z,2991956.10,8328.00,8330.00
2024-01-07T22:56:55Z,3058526.10,9675.00,10380.00
2024-01-07T22:56:55Z,2687242.60,12270.00,12670.00
2024-01-07T22:56:55Z,1846356.60,20550.00,21000.00
2024-01-07T22:56:55Z,759448.20,34620.00,34960.00
2024-01-07T22:56:55Z,664700.90,54680.00,56980.00
2024-01-07T22:56:13Z,1780.30,62320.00,95000.00
2024-01-07T22:56:13Z,282.30,454100.00,651600.00
2024-01-07T22:56:13Z,120.40,10540000.00,11940000.00
2024-01-07T22:56:13Z,1139.80,36300.00,57000.00
2024-01-07T22:56:13Z,255.70,2555000.00,3229000.00
2024-01-07T22:56:13Z,710.50,448100.00,569000.00
2024-01-07T22:57:02Z,85.60,57920000.00,58950000.00
2024-01-07T22:57:02Z,237.30,2760.00,23590000.00
2024-01-07T22:57:02Z,377.30,2412000.00,3695000.00
2012-01-01T00:00:00Z,-1.00,0.00,0.00
2024-01-07T22:56:14Z,588.20,24970000.00,26470000.00
2012-01-01T00:00:00Z,-1.00,0.00,0.00
2012-01-01T00:00:00Z,-1.00,0.00,0.00
2024-01-07T22:56:14Z,291.00,25000000.00,37000000.00
2012-01-01T00:00:00Z,-1.00,0.00,0.00
2012-01-01T00:00:00Z,-1.00,0.00,0.00
2024-01-07T22:56:14Z,986.10,40040000.00,43710000.00
2012-01-01T00:00:00Z,-1.00,0.00,0.00
2012-01-01T00:00:00Z,-1.00,0.00,0.00
2024-01-07T22:56:14Z,3413.70,25450000.00,28090000.00
2012-01-01T00:00:00Z,-1.00,0.00,0.00
2012-01-01T00:00:00Z,-1.00,0.00,0.00
2024-01-07T22:56:14Z,344.40,31190000.00,40860000.00
2012-01-01T00:00:00Z,-1.00,0.00,0.00
2012-01-01T00:00:00Z,-1.00,0.00,0.00
2024-01-07T22:56:14Z,111.10,44000000.00,49960000.00
2012-01-01T00:00:00Z,-1.00,0.00,0.00
2012-01-01T00:00:00Z,-1.00,0.00,0.00
2024-01-07T22:56:19Z,5750.70,6068000.00,6507000.00
2012-01-01T00:00:00Z,-1.00,0.00,0.00
2012-01-01T00:00:00Z,-1.00,0.00,0.00
2024-01-07T22:56:19Z,2072.20,6614000.00,6868000.00
2012-01-01T00:00:00Z,-1.00,0.00,0.00
2012-01-01T00:00:00Z,-1.00,0.00,0.00
2024-01-07T22:56:19Z,7829.30,27830000.00,32940000.00
2012-01-01T00:00:00Z,-1.00,0.00,0.00
2012-01-01T00:00:00Z,-1.00,0.00,0.00
2024-01-07T22:56:19Z,1712.20,27560000.00,30860000.00
2012-01-01T00:00:00Z,-1.00,0.00,0.00
2012-01-01T00:00:00Z,-1.00,0.00,0.00
2024-01-07T22:56:19Z,492.80,23510000.00,29690000.00
2012-01-01T00:00:00Z,-1.00,0.00,0.00
2024-01-07T22:56:31Z,0.00,15030000.00,0.00
2024-01-07T22:56:31Z,0.00,0.00,0.00
2024-01-07T22:56:20Z,285.60,18070000.00,24990000.00
2012-01-01T00:00:00Z,-1.00,0.00,0.00
2024-01-07T22:56:20Z,67.20,10080000.00,15550000.00
2012-01-01T00:00:00Z,-1.00,0.00,0.00
2024-01-07T22:56:21Z,79.60,19430000.00,27340000.00
2012-01-01T00:00:00Z,-1.00,0.00,0.00
2024-01-07T22:56:31Z,0.00,11500000.00,0.00
2024-01-07T22:56:31Z,0.00,0.00,0.00
2024-01-07T22:55:05Z,1218.50,1313000.00,1439000.00
2012-01-01T00:00:00Z,-1.00,0.00,0.00
2024-01-07T22:55:05Z,587.30,1300000.00,1452000.00
2012-01-01T00:00:00Z,-1.00,0.00,0.00
2024-01-07T22:55:05Z,1447.40,1051000.00,1154000.00
2012-01-01T00:00:00Z,-1.00,0.00,0.00
2024-01-07T22:55:05Z,504.00,1326000.00,1499000.00
2012-01-01T00:00:00Z,-1.00,0.00,0.00
2024-01-07T22:56:31Z,8614.90,420100.00,455200.00
2012-01-01T00:00:00Z,-1.00,0.00,0.00
2024-01-07T22:55:08Z,232264.90,32060.00,33000.00
2024-01-07T22:55:08Z,175205.80,40120.00,44870.00
2024-01-07T22:55:07Z,4867046.60,13100.00,14010.00
2024-01-07T22:55:07Z,3139295.80,19000.00,19190.00
2024-01-07T22:55:07Z,3261635.50,15580.00,16200.00
2024-01-07T22:55:07Z,3812496.60,22010.00,22180.00
2024-01-07T22:56:54Z,0.00,0.00,0.00
2024-01-07T22:56:54Z,0.00,35380000.00,0.00
2024-01-07T22:56:23Z,1159.00,110200000.00,121700000.00
2024-01-07T22:56:24Z,271.60,281700000.00,300600000.00
2024-01-07T22:56:24Z,170.30,1442000000.00,1593000000.00
2024-01-07T22:56:31Z,84.00,338500000.00,369800000.00
2024-01-07T22:57:03Z,0.00,12520000.00,0.00
2024-01-07T22:56:54Z,0.00,0.00,0.00
2024-01-07T22:57:02Z,1268.40,19590000.00,21520000.00
2012-01-01T00:00:00Z,-1.00,0.00,0.00
2024-01-07T22:56:23Z,259.50,117000000.00,126400000.00
2024-01-07T22:56:24Z,203.50,420500000.00,455000000.00
2024-01-07T22:56:24Z,169.90,1428000000.00,1555000000.00
2012-01-01T00:00:00Z,-1.00,0.00,0.00
2024-01-07T22:56:14Z,2025.30,8611000.00,10140000.00
2012-01-01T00:00:00Z,-1.00,0.00,0.00
2012-01-01T00:00:00Z,-1.00,0.00,0.00
2024-01-07T22:56:14Z,377.30,48880000.00,53780000.00
2012-01-01T00:00:00Z,-1.00,0.00,0.00
2024-01-07T22:56:58Z,32153.80,290000.00,344200.00
2024-01-07T22:56:58Z,8150.60,2820000.00,3128000.00
2024-01-07T22:56:58Z,49370.10,996000.00,1013000.00
2024-01-07T22:56:58Z,33924.60,926700.00,926800.00
2024-01-07T22:56:58Z,44571.10,181000.00,214900.00
2024-01-07T22:56:58Z,42672.90,266300.00,266800.00
2024-01-07T22:56:58Z,3699.50,4230000.00,4778000.00
2024-01-07T22:56:58Z,3352.50,6252000.00,7449000.00
2024-01-07T22:57:04Z,276.00,75790000.00,79810000.00
2012-01-01T00:00:00Z,-1.00,0.00,0.00
2012-01-01T00:00:00Z,-1.00,0.00,0.00
2024-01-07T22:56:13Z,140.70,5555000.00,9378000.00
2024-01-07T22:57:02Z,98.90,7205000.00,10390000.00
2024-01-07T22:57:02Z,323.40,3007000.00,3486000.00
2024-01-07T22:57:02Z,368.90,210000.00,296600.00
2024-01-07T22:57:04Z,214.90,69760000.00,75870000.00
2012-01-01T00:00:00Z,-1.00,0.00,0.00
2024-01-07T22:57:34Z,721.00,71510000.00,77970000.00
2012-01-01T00:00:00Z,-1.00,0.00,0.00
2024-01-07T22:57:37Z,702.10,78000000.00,80700000.00
2012-01-01T00:00:00Z,-1.00,0.00,0.00
2024-01-07T22:57:03Z,0.00,20000000.00,0.00
2024-01-07T22:57:54Z,0.00,0.00,0.00
2024-01-07T22:57:02Z,1846.60,16100000.00,19100000.00
2024-01-07T22:55:51Z,21.90,72250000.00,116000000.00
2024-01-07T22:55:51Z,86.80,302000000.00,326500000.00
2024-01-07T22:55:51Z,215.80,310000000.00,363000000.00
2024-01-07T22:57:56Z,252.20,21890000.00,24340000.00
2024-01-07T22:57:56Z,209.50,19840000.00,24090000.00
2024-01-07T22:57:56Z,84.70,13890000.00,15000000.00
2024-01-07T22:57:56Z,86.60,17400000.00,21370000.00
2024-01-07T22:57:54Z,503.50,49130000.00,56590000.00
2024-01-07T22:57:54Z,147.90,50310000.00,57950000.00
2024-01-07T22:57:54Z,225.60,52710000.00,57190000.00
2024-01-07T22:57:54Z,342.30,50480000.00,54910000.00
2012-01-01T00:00:00Z,-1.00,0.00,0.00
2012-01-01T00:00:00Z,-1.00,0.00,0.00
2012-01-01T00:00:00Z,-1.00,0.00,0.00
2012-01-01T00:00:00Z,-1.00,0.00,0.00
2012-01-01T00:00:00Z,-1.00,0.00,0.00
2012-01-01T00:00:00Z,-1.00,0.00,0.00
2012-01-01T00:00:00Z,-1.00,0.00,0.00
2012-01-01T00:00:00Z,-1.00,0.00,0.00
2012-01-01T00:00:00Z,-1.00,0.00,0.00
2012-01-01T00:00:00Z,-1.00,0.00,0.00
2012-01-01T00:00:00Z,-1.00,0.00,0.00
2012-01-01T00:00:00Z,-1.00,0.00,0.00
2012-01-01T00:00:00Z,-1.00,0.00,0.00
2024-01-07T22:57:57Z,114.80,43000000.00,47480000.00
2024-01-07T22:57:57Z,234.30,245100000.00,282300000.00
2024-01-07T22:57:58Z,58.80,35290000.00,45140000.00
2024-01-07T22:57:58Z,141.60,165400000.00,174800000.00
2024-01-07T22:56:20Z,139.30,17030000.00,24080000.00
2024-01-07T22:55:54Z,801.70,12090000.00,13890000.00
2024-01-07T22:55:54Z,501.20,11020000.00,12140000.00
2024-01-07T22:56:21Z,354.20,36210000.00,43990000.00
2024-01-07T22:56:21Z,370.10,35690000.00,39790000.00
2024-01-07T22:56:21Z,194.60,28020000.00,31980000.00
2024-01-07T22:56:21Z,217.20,39450000.00,60680000.00
2024-01-07T22:55:25Z,42.50,11120000.00,37750000.00
2024-01-07T22:55:25Z,6.50,52570000.00,74900000.00
2012-01-01T00:00:00Z,-1.00,0.00,0.00
2012-01-01T00:00:00Z,-1.00,0.00,0.00
2012-01-01T00:00:00Z,-1.00,0.00,0.00
2012-01-01T00:00:00Z,-1.00,0.00,0.00
2012-01-01T00:00:00Z,-1.00,0.00,0.00
2012-01-01T00:00:00Z,-1.00,0.00,0.00
2012-01-01T00:00:00Z,-1.00,0.00,0.00
2012-01-01T00:00:00Z,-1.00,0.00,0.00
2012-01-01T00:00:00Z,-1.00,0.00,0.00
2012-01-01T00:00:00Z,-1.00,0.00,0.00
2012-01-01T00:00:00Z,-1.00,0.00,0.00
2012-01-01T00:00:00Z,-1.00,0.00,0.00
2012-01-01T00:00:00Z,-1.00,0.00,0.00
2012-01-01T00:00:00Z,-1.00,0.00,0.00
2012-01-01T00:00:00Z,-1.00,0.00,0.00
2012-01-01T00:00:00Z,-1.00,0.00,0.00
2024-01-07T22:58:27Z,0.00,4412000.00,0.00
2012-01-01T00:00:00Z,-1.00,0.00,0.00
2012-01-01T00:00:00Z,-1.00,0.00,0.00
2024-01-07T22:57:01Z,2469.40,9510000.00,11420000.00
2012-01-01T00:00:00Z,-1.00,0.00,0.00
2024-01-07T22:58:06Z,0.00,1000000.00,0.00
2024-01-07T22:58:27Z,0.00,0.00,0.00
2024-01-07T22:58:03Z,358.20,143600000.00,169200000.00
2024-01-07T22:56:31Z,0.00,7250000.00,0.00
2024-01-07T22:56:54Z,0.00,15800000.00,0.00
2024-01-07T22:58:05Z,1069.60,26020000.00,28350000.00
2024-01-07T22:56:54Z,209.80,240400000.00,268600000.00
2024-01-07T22:56:54Z,66.30,400000000.00,423900000.00
2024-01-07T22:56:31Z,77.70,9102000000.00,9889000000.00
2024-01-07T22:56:54Z,0.00,25010000.00,0.00
2024-01-07T22:56:54Z,0.00,0.00,0.00
2024-01-07T22:58:12Z,19.40,407800000.00,448300000.00
2024-01-07T22:58:06Z,0.00,66700000.00,0.00
2024-01-07T22:58:27Z,0.00,4970000.00,0.00
2012-01-01T00:00:00Z,-1.00,0.00,0.00
2024-01-07T22:56:13Z,43.20,708800.00,3769000.00
2024-01-07T22:56:13Z,161.50,637200.00,1448000.00
2024-01-07T22:56:13Z,241.70,227300.00,1997000.00
2024-01-07T22:56:13Z,77.90,835700.00,1782000.00
2024-01-07T22:56:56Z,154007.20,35120.00,39940.00
2024-01-07T22:56:56Z,124412.40,2324.00,3198.00
2024-01-07T22:56:56Z,182564.20,3805.00,3807.00
2024-01-07T22:56:56Z,140985.80,40020.00,43930.00
2024-01-07T22:58:12Z,232.40,23820000.00,26360000.00
2024-01-07T22:58:12Z,717.00,83150000.00,89000000.00
2024-01-07T22:58:12Z,351.60,610500000.00,663900000.00
2024-01-07T22:56:31Z,1383.90,178900000.00,194500000.00
2012-01-01T00:00:00Z,-1.00,0.00,0.00
2012-01-01T00:00:00Z,-1.00,0.00,0.00
2024-01-07T22:58:16Z,1868185.40,62510.00,62520.00
2024-01-07T22:58:16Z,3663410.60,56250.00,59890.00
2024-01-07T22:56:54Z,0.00,960100.00,0.00
2024-01-07T22:56:54Z,0.00,301000000.00,0.00
2024-01-07T22:58:19Z,1319.00,33140000.00,36620000.00
2024-01-07T22:58:19Z,415.30,184000000.00,200000000.00
2024-01-07T22:58:12Z,76.10,47770000.00,51750000.00
2024-01-07T22:58:19Z,62.50,380300000.00,435000000.00
2012-01-01T00:00:00Z,-1.00,0.00,0.00
2012-01-01T00:00:00Z,-1.00,0.00,0.00
2012-01-01T00:00:00Z,-1.00,0.00,0.00
2024-01-07T22:58:19Z,276.70,190000000.00,202800000.00
2012-01-01T00:00:00Z,-1.00,0.00,0.00
2024-01-07T22:58:19Z,198.10,450000000.00,481800000.00
2012-01-01T00:00:00Z,-1.00,0.00,0.00
2024-01-07T22:58:19Z,136.30,287500000.00,311100000.00
2012-01-01T00:00:00Z,-1.00,0.00,0.00
2024-01-07T22:56:59Z,35521.50,46080.00,57000.00
2024-01-07T22:58:20Z,43353.30,78210.00,98740.00
2024-01-07T22:58:20Z,17485.50,107300.00,135000.00
2024-01-07T22:58:20Z,282681.90,283000.00,297000.00
2024-01-07T22:58:20Z,651683.90,26770.00,29180.00
2024-01-07T22:58:20Z,58792.10,51050.00,55750.00
2024-01-07T22:56:31Z,2234.40,7228000.00,8190000.00
2024-01-07T22:58:20Z,1.60,5893000000.00,0.00
2024-01-07T22:58:20Z,16.30,16620000.00,82650000.00
2024-01-07T22:58:20Z,7.00,11820000.00,69650000.00
2024-01-07T22:58:20Z,4.00,21870000.00,181200000.00
2024-01-07T22:58:20Z,11966.30,6280.00,68900.00
2024-01-07T22:58:20Z,2798.40,210600.00,299000.00
2024-01-07T22:58:20Z,8832.40,51010.00,69000.00
2024-01-07T22:58:28Z,94.50,81670000.00,99870000.00
2024-01-07T22:58:28Z,253.40,393500000.00,410100000.00
2024-01-07T22:58:28Z,157.50,1060000000.00,1149000000.00
2024-01-07T22:56:58Z,39801.30,29270.00,31850.00
2024-01-07T22:56:58Z,47307.60,9383.00,10660.00
2024-01-07T22:56:58Z,141790.40,11510.00,12890.00
2024-01-07T22:58:22Z,169.60,44140000.00,49990000.00
2024-01-07T22:58:22Z,618.80,272600000.00,374400000.00
2024-01-07T22:58:22Z,166.60,57110000.00,59900000.00
2024-01-07T22:58:22Z,18741.30,690600.00,776200.00
2024-01-07T22:58:22Z,22976.30,970200.00,1164000.00
2024-01-07T22:58:22Z,35091.50,980000.00,1115000.00
2024-01-07T22:58:22Z,15299.20,791100.00,1048000.00
2024-01-07T22:58:22Z,428.60,79340000.00,84000000.00
2024-01-07T22:58:22Z,646.30,206400000.00,239400000.00
2024-01-07T22:58:22Z,273.90,14560000.00,15690000.00
2024-01-07T22:58:22Z,13456.80,2260000.00,2441000.00
2024-01-07T22:55:08Z,804896.60,2733.00,3184.00
2024-01-07T22:55:08Z,14392.90,632900.00,749700.00
2024-01-07T22:55:08Z,1126585.10,2469.00,3160.00
2024-01-07T22:55:07Z,4192464.50,9350.00,10000.00
2024-01-07T22:55:07Z,10711498.70,11330.00,12750.00
2024-01-07T22:58:22Z,1783.10,25900000.00,30490000.00
2024-01-07T22:58:22Z,16964.30,513100.00,596300.00
2024-01-07T22:58:22Z,40203.60,664700.00,745800.00
2024-01-07T22:58:22Z,38860.30,560100.00,880100.00
2024-01-07T22:58:22Z,24976.50,462000.00,523500.00
2024-01-07T22:58:22Z,8513.20,411300.00,548600.00
2024-01-07T22:58:22Z,7574.50,571500.00,800000.00
2024-01-07T22:58:22Z,7947.60,473100.00,600000.00
2024-01-07T22:58:22Z,3503.30,282300.00,344600.00
2024-01-07T22:58:22Z,5959.10,291200.00,400000.00
2024-01-07T22:58:22Z,7307.80,291700.00,337500.00
2024-01-07T22:58:22Z,3006.70,300200.00,329600.00
2024-01-07T22:55:52Z,2122.40,20200000.00,22840000.00
2024-01-07T22:55:52Z,4073.50,26240000.00,28550000.00
2024-01-07T22:57:00Z,5460.00,30470000.00,32950000.00
2024-01-07T22:57:00Z,3103.30,18900000.00,20200000.00
2024-01-07T22:56:59Z,74.20,156700000.00,176700000.00
2024-01-07T22:56:59Z,80.70,140100000.00,144800000.00
2024-01-07T22:56:59Z,36.40,121100000.00,142000000.00
2024-01-07T22:57:00Z,35.90,131000000.00,146000000.00
2024-01-07T22:58:22Z,742089.40,78270.00,79940.00
2024-01-07T22:58:22Z,3574.90,9950000.00,11270000.00
2024-01-07T22:58:22Z,16.80,126100000.00,159900000.00
2024-01-07T22:58:22Z,285.10,1801000.00,3554000.00
2024-01-07T22:58:22Z,442.60,39150000.00,53390000.00
2024-01-07T22:58:22Z,53.90,151000000.00,200000000.00
2024-01-07T22:58:22Z,295.90,3100000.00,4471000.00
2024-01-07T22:58:22Z,135.30,2236000.00,4699000.00
2024-01-07T22:58:22Z,391586.80,120600.00,121300.00
2024-01-07T22:55:52Z,95.70,601000000.00,684500000.00
2024-01-07T22:55:52Z,56.70,1150000000.00,1243000000.00
2024-01-07T22:55:52Z,2.10,13500000000.00,15730000000.00
2024-01-07T22:58:23Z,5641.30,21020.00,30860.00
2024-01-07T22:55:52Z,181.80,27410000.00,31020000.00
2024-01-07T22:55:52Z,177.80,91010000.00,100300000.00
2024-01-07T22:58:23Z,2278.70,810000.00,869300.00
2024-01-07T22:58:22Z,6.10,60980000.00,98000000.00
2024-01-07T22:58:24Z,127.60,102800000.00,113700000.00
2024-01-07T22:58:24Z,899.70,4941000.00,5462000.00
2024-01-07T22:58:24Z,1239.90,7307000.00,8004000.00
2012-01-01T00:00:00Z,-1.00,0.00,0.00
2012-01-01T00:00:00Z,-1.00,0.00,0.00
2024-01-07T22:57:54Z,0.00,550500000.00,0.00
2024-01-07T22:58:27Z,0.00,1000000.00,0.00
2024-01-07T22:55:54Z,0.00,50000000.00,0.00
2024-01-07T22:55:52Z,273.50,15040000.00,15700000.00
2024-01-07T22:55:52Z,330.90,47500000.00,52350000.00
2024-01-07T22:58:27Z,399.20,13000000.00,14190000.00
2024-01-07T22:58:27Z,115.50,57720000.00,61300000.00
2024-01-07T22:58:27Z,243.10,20130000.00,24380000.00
2024-01-07T22:58:27Z,32.20,113100000.00,121900000.00
2024-01-07T22:58:27Z,153.50,54230000.00,65180000.00
2024-01-07T22:58:27Z,28.00,79040000.00,88770000.00
2024-01-07T22:58:27Z,94.00,105000000.00,111300000.00
2024-01-07T22:58:27Z,38.00,42530000.00,54930000.00
2024-01-07T22:58:27Z,17.70,114000000.00,122600000.00
2024-01-07T22:58:27Z,4.20,201400000.00,236900000.00
2024-01-07T22:58:27Z,9.10,160000000.00,203200000.00
2024-01-07T22:58:27Z,25.00,210000000.00,225800000.00
2024-01-07T22:56:31Z,13.50,1147000000.00,1470000000.00
2024-01-07T22:58:27Z,134678.80,10760.00,13880.00
2024-01-07T22:56:31Z,28.00,72980000.00,114800000.00
